年度,交付金,目標,目標名,指標群,指標,列番号,配点,北塩原村,全国平均,全国中央値,標準偏差,該当市町村数,該当率
令和6年度,推進交付金,目標Ⅰ,持続可能な地域のあるべき姿をかたちにする,目標Ⅰｰ（ⅰ）体制・取組指標群,1 / 地域の介護保険事業の特徴 / ア,13,4.0,4.0,3.8690407811602525,,0.7118191893731668,1684.0,0.9672601952900631
令和6年度,推進交付金,目標Ⅰ,持続可能な地域のあるべき姿をかたちにする,目標Ⅰｰ（ⅰ）体制・取組指標群,1 / 地域の介護保険事業の特徴 / イ,14,4.0,4.0,3.6346927053417577,,1.1522932608943115,1582.0,0.9086731763354394
令和6年度,推進交付金,目標Ⅰ,持続可能な地域のあるべき姿をかたちにする,目標Ⅰｰ（ⅰ）体制・取組指標群,1 / 地域の介護保険事業の特徴 / ウ,15,4.0,0.0,3.591039632395175,,1.2118551432196119,1563.0,0.8977599080987938
令和6年度,推進交付金,目標Ⅰ,持続可能な地域のあるべき姿をかたちにする,目標Ⅰｰ（ⅰ）体制・取組指標群,1 / 地域の介護保険事業の特徴 / エ,16,4.0,0.0,2.784606547960942,,1.8396718633758613,1212.0,0.6961516369902355
令和6年度,推進交付金,目標Ⅰ,持続可能な地域のあるべき姿をかたちにする,目標Ⅰｰ（ⅰ）体制・取組指標群,2 / 事業計画の進捗状況 / ア,17,4.0,0.0,3.7955198161975874,,0.8809702546861508,1652.0,0.9488799540493968
令和6年度,推進交付金,目標Ⅰ,持続可能な地域のあるべき姿をかたちにする,目標Ⅰｰ（ⅰ）体制・取組指標群,2 / 事業計画の進捗状況 / イ,18,4.0,0.0,3.4164273406088457,,1.411996313301049,1487.0,0.8541068351522114
令和6年度,推進交付金,目標Ⅰ,持続可能な地域のあるべき姿をかたちにする,目標Ⅰｰ（ⅰ）体制・取組指標群,2 / 事業計画の進捗状況 / ウ,19,4.0,0.0,2.6490522688110283,,1.8917534597170047,1153.0,0.6622630672027571
令和6年度,推進交付金,目標Ⅰ,持続可能な地域のあるべき姿をかたちにする,目標Ⅰｰ（ⅰ）体制・取組指標群,2 / 事業計画の進捗状況 / エ,20,4.0,0.0,2.495117748420448,,1.9377457044718396,1086.0,0.623779437105112
令和6年度,推進交付金,目標Ⅰ,持続可能な地域のあるべき姿をかたちにする,目標Ⅰｰ（ⅰ）体制・取組指標群,3 / 施策の実施状況の把握・改善 / ア / ①,21,1.0,0.0,0.9121194715680643,,0.28312107154794997,1588.0,0.9121194715680643
令和6年度,推進交付金,目標Ⅰ,持続可能な地域のあるべき姿をかたちにする,目標Ⅰｰ（ⅰ）体制・取組指標群,3 / 施策の実施状況の把握・改善 / ア / ②,22,1.0,0.0,0.9425617461229179,,0.23267810569246516,1641.0,0.9425617461229179
令和6年度,推進交付金,目標Ⅰ,持続可能な地域のあるべき姿をかたちにする,目標Ⅰｰ（ⅰ）体制・取組指標群,3 / 施策の実施状況の把握・改善 / ア / ③,23,1.0,0.0,0.9144170017231477,,0.2797472943261412,1592.0,0.9144170017231477
令和6年度,推進交付金,目標Ⅰ,持続可能な地域のあるべき姿をかたちにする,目標Ⅰｰ（ⅰ）体制・取組指標群,3 / 施策の実施状況の把握・改善 / ア / ④,24,1.0,0.0,0.842619184376795,,0.3641594355457233,1467.0,0.842619184376795
令和6年度,推進交付金,目標Ⅰ,持続可能な地域のあるべき姿をかたちにする,目標Ⅰｰ（ⅰ）体制・取組指標群,3 / 施策の実施状況の把握・改善 / イ / ①,25,1.0,0.0,0.7409534750143596,,0.438111199216026,1290.0,0.7409534750143596
令和6年度,推進交付金,目標Ⅰ,持続可能な地域のあるべき姿をかたちにする,目標Ⅰｰ（ⅰ）体制・取組指標群,3 / 施策の実施状況の把握・改善 / イ / ②,26,1.0,0.0,0.8403216542217117,,0.36630748240760486,1463.0,0.8403216542217117
令和6年度,推進交付金,目標Ⅰ,持続可能な地域のあるべき姿をかたちにする,目標Ⅰｰ（ⅰ）体制・取組指標群,3 / 施策の実施状況の把握・改善 / イ / ③,27,1.0,0.0,0.8064330844342332,,0.3950933620856241,1404.0,0.8064330844342332
令和6年度,推進交付金,目標Ⅰ,持続可能な地域のあるべき姿をかたちにする,目標Ⅰｰ（ⅰ）体制・取組指標群,3 / 施策の実施状況の把握・改善 / イ / ④,28,1.0,0.0,0.7024698449167145,,0.45717169848909234,1223.0,0.7024698449167145
令和6年度,推進交付金,目標Ⅰ,持続可能な地域のあるべき姿をかたちにする,目標Ⅰｰ（ⅰ）体制・取組指標群,3 / 施策の実施状況の把握・改善 / ウ / ①,29,1.0,0.0,0.6886846639862149,,0.4630314218024617,1199.0,0.6886846639862149
令和6年度,推進交付金,目標Ⅰ,持続可能な地域のあるべき姿をかたちにする,目標Ⅰｰ（ⅰ）体制・取組指標群,3 / 施策の実施状況の把握・改善 / ウ / ②,30,1.0,0.0,0.7897759908098794,,0.40746763693593224,1375.0,0.7897759908098794
令和6年度,推進交付金,目標Ⅰ,持続可能な地域のあるべき姿をかたちにする,目標Ⅰｰ（ⅰ）体制・取組指標群,3 / 施策の実施状況の把握・改善 / ウ / ③,31,1.0,0.0,0.7610568638713383,,0.4264379366633104,1325.0,0.7610568638713383
令和6年度,推進交付金,目標Ⅰ,持続可能な地域のあるべき姿をかたちにする,目標Ⅰｰ（ⅰ）体制・取組指標群,3 / 施策の実施状況の把握・改善 / ウ / ④,32,1.0,0.0,0.6726019529006318,,0.46926385526150216,1171.0,0.6726019529006318
令和6年度,推進交付金,目標Ⅰ,持続可能な地域のあるべき姿をかたちにする,目標Ⅰｰ（ⅰ）体制・取組指標群,3 / 施策の実施状況の把握・改善 / エ / ①,33,1.0,0.0,0.5588742102240092,,0.49652172900135916,973.0,0.5588742102240092
令和6年度,推進交付金,目標Ⅰ,持続可能な地域のあるべき姿をかたちにする,目標Ⅰｰ（ⅰ）体制・取組指標群,3 / 施策の実施状況の把握・改善 / エ / ②,34,1.0,0.0,0.6255025847214245,,0.4839928731171996,1089.0,0.6255025847214245
令和6年度,推進交付金,目標Ⅰ,持続可能な地域のあるべき姿をかたちにする,目標Ⅰｰ（ⅰ）体制・取組指標群,3 / 施策の実施状況の把握・改善 / エ / ③,35,1.0,0.0,0.6145893164847789,,0.4866921907608044,1070.0,0.6145893164847789
令和6年度,推進交付金,目標Ⅰ,持続可能な地域のあるべき姿をかたちにする,目標Ⅰｰ（ⅰ）体制・取組指標群,3 / 施策の実施状況の把握・改善 / エ / ④,36,1.0,0.0,0.5588742102240092,,0.49652172900135916,973.0,0.5588742102240092
令和6年度,推進交付金,目標Ⅰ,持続可能な地域のあるべき姿をかたちにする,目標Ⅰｰ（ⅰ）体制・取組指標群,4 / 評価結果の活用 / ア,37,4.0,0.0,2.784606547960942,,1.8396718633758613,1212.0,0.6961516369902355
令和6年度,推進交付金,目標Ⅰ,持続可能な地域のあるべき姿をかたちにする,目標Ⅰｰ（ⅰ）体制・取組指標群,4 / 評価結果の活用 / イ,38,4.0,0.0,1.932222860425043,,1.9988512349224583,841.0,0.4830557151062608
令和6年度,推進交付金,目標Ⅰ,持続可能な地域のあるべき姿をかたちにする,目標Ⅰｰ（ⅰ）体制・取組指標群,4 / 評価結果の活用 / ウ,39,4.0,0.0,2.1573808156232053,,1.993798204150504,939.0,0.5393452039058013
令和6年度,推進交付金,目標Ⅰ,持続可能な地域のあるべき姿をかたちにする,目標Ⅰｰ（ⅰ）体制・取組指標群,4 / 評価結果の活用 / エ,40,4.0,0.0,1.263641585295807,,1.8595096894327623,550.0,0.31591039632395174
令和6年度,推進交付金,目標Ⅰ,持続可能な地域のあるべき姿をかたちにする,目標Ⅰｰ（ⅱ）活動指標群,1 / 今年度の評価点 / ア,41,3.0,0.0,2.1022400919012063,,1.3737928780230397,1220.0,0.7007466973004021
令和6年度,推進交付金,目標Ⅰ,持続可能な地域のあるべき姿をかたちにする,目標Ⅰｰ（ⅱ）活動指標群,1 / 今年度の評価点 / イ,42,3.0,0.0,1.4991384261918437,,1.499999752563504,870.0,0.4997128087306146
令和6年度,推進交付金,目標Ⅰ,持続可能な地域のあるべき姿をかたちにする,目標Ⅰｰ（ⅱ）活動指標群,1 / 今年度の評価点 / ウ,43,3.0,0.0,0.909821941412981,,1.3790177153185732,528.0,0.3032739804709937
令和6年度,推進交付金,目標Ⅰ,持続可能な地域のあるべき姿をかたちにする,目標Ⅰｰ（ⅱ）活動指標群,1 / 今年度の評価点 / エ,44,3.0,0.0,0.3032739804709937,,0.9043488454032881,176.0,0.10109132682366456
令和6年度,推進交付金,目標Ⅰ,持続可能な地域のあるべき姿をかたちにする,目標Ⅰｰ（ⅱ）活動指標群,2 / 後期高齢者と給付費の伸び率比較 / ア,45,3.0,3.0,2.0987937966685815,,1.3752985090776568,1218.0,0.6995979322228604
令和6年度,推進交付金,目標Ⅰ,持続可能な地域のあるべき姿をかたちにする,目標Ⅰｰ（ⅱ）活動指標群,2 / 後期高齢者と給付費の伸び率比較 / イ,46,3.0,3.0,1.4991384261918437,,1.499999752563504,870.0,0.4997128087306146
令和6年度,推進交付金,目標Ⅰ,持続可能な地域のあるべき姿をかたちにする,目標Ⅰｰ（ⅱ）活動指標群,2 / 後期高齢者と給付費の伸び率比較 / ウ,47,3.0,3.0,0.8960367604824814,,1.3730361995634,520.0,0.2986789201608271
令和6年度,推進交付金,目標Ⅰ,持続可能な地域のあるべき姿をかたちにする,目標Ⅰｰ（ⅱ）活動指標群,2 / 後期高齢者と給付費の伸び率比較 / エ,48,3.0,0.0,0.2981045376220563,,0.8974671567892102,173.0,0.0993681792073521
令和6年度,推進交付金,目標Ⅰ,持続可能な地域のあるべき姿をかたちにする,目標Ⅰｰ（ⅱ）活動指標群,3 / PFS委託事業数 / ア,49,3.0,0.0,0.11200459506031017,,0.5687431369839169,65.0,0.037334865020103386
令和6年度,推進交付金,目標Ⅰ,持続可能な地域のあるべき姿をかたちにする,目標Ⅰｰ（ⅱ）活動指標群,3 / PFS委託事業数 / イ,50,3.0,0.0,0.05858701895462378,,0.4151248222810603,34.0,0.019529006318207927
令和6年度,推進交付金,目標Ⅰ,持続可能な地域のあるべき姿をかたちにする,目標Ⅰｰ（ⅱ）活動指標群,3 / PFS委託事業数 / ウ,51,3.0,0.0,0.03963239517518667,,0.34252950059555143,23.0,0.013210798391728892
令和6年度,推進交付金,目標Ⅰ,持続可能な地域のあるべき姿をかたちにする,目標Ⅰｰ（ⅱ）活動指標群,3 / PFS委託事業数 / エ,52,3.0,0.0,0.010338885697874785,,0.17581173037129982,6.0,0.0034462952326249283
令和6年度,推進交付金,目標Ⅰ,持続可能な地域のあるべき姿をかたちにする,,Ⅰ（ⅰ） 計,53,64.0,8.0,46.34520390580126,48.0,14.686490771223788,,
令和6年度,推進交付金,目標Ⅰ,持続可能な地域のあるべき姿をかたちにする,,Ⅰ（ⅱ） 計,54,36.0,9.0,9.827110855829982,9.0,6.280215205358829,,
令和6年度,推進交付金,目標Ⅰ,持続可能な地域のあるべき姿をかたちにする,,Ⅰ 合計,55,100.0,17.0,56.17231476163125,58.0,18.553774951375836,,
令和6年度,推進交付金,目標Ⅱ,公正・公平な給付を行う体制を構築する,目標Ⅱｰ（ⅰ）体制・取組指標群,1 / 給付費適正化方策の策定状況 / ア,56,8.0,8.0,6.368753589890868,,3.223198168028011,1386.0,0.7960941987363584
令和6年度,推進交付金,目標Ⅱ,公正・公平な給付を行う体制を構築する,目標Ⅱｰ（ⅰ）体制・取組指標群,1 / 給付費適正化方策の策定状況 / イ,57,8.0,8.0,5.739230327398047,,3.6020935396320404,1249.0,0.7174037909247559
令和6年度,推進交付金,目標Ⅱ,公正・公平な給付を行う体制を構築する,目標Ⅱｰ（ⅰ）体制・取組指標群,1 / 給付費適正化方策の策定状況 / ウ,58,8.0,0.0,4.98564043653073,,3.87666260201678,1085.0,0.6232050545663412
令和6年度,推進交付金,目標Ⅱ,公正・公平な給付を行う体制を構築する,目標Ⅱｰ（ⅰ）体制・取組指標群,1 / 給付費適正化方策の策定状況 / エ,59,8.0,0.0,3.8690407811602525,,3.9978556355877686,842.0,0.48363009764503156
令和6年度,推進交付金,目標Ⅱ,公正・公平な給付を行う体制を構築する,目標Ⅱｰ（ⅰ）体制・取組指標群,2 / 給付費適正化事業の取組状況 / ア / ①,60,2.0,2.0,1.9942561746122918,,0.10702644180449733,1736.0,0.9971280873061459
令和6年度,推進交付金,目標Ⅱ,公正・公平な給付を行う体制を構築する,目標Ⅱｰ（ⅰ）体制・取組指標群,2 / 給付費適正化事業の取組状況 / ア / ②,61,2.0,2.0,1.9103963239517519,,0.4137372757380423,1663.0,0.9551981619758759
令和6年度,推進交付金,目標Ⅱ,公正・公平な給付を行う体制を構築する,目標Ⅱｰ（ⅰ）体制・取組指標群,2 / 給付費適正化事業の取組状況 / ア / ③,62,2.0,2.0,1.5255600229753015,,0.8507565234837758,1328.0,0.7627800114876507
令和6年度,推進交付金,目標Ⅱ,公正・公平な給付を行う体制を構築する,目標Ⅱｰ（ⅰ）体制・取組指標群,2 / 給付費適正化事業の取組状況 / イ / ①,63,2.0,0.0,1.874784606547961,,0.4845120144503428,1632.0,0.9373923032739805
令和6年度,推進交付金,目標Ⅱ,公正・公平な給付を行う体制を構築する,目標Ⅱｰ（ⅰ）体制・取組指標群,2 / 給付費適正化事業の取組状況 / イ / ②,64,2.0,0.0,1.8242389431361286,,0.5662421430958999,1588.0,0.9121194715680643
令和6年度,推進交付金,目標Ⅱ,公正・公平な給付を行う体制を構築する,目標Ⅱｰ（ⅰ）体制・取組指標群,2 / 給付費適正化事業の取組状況 / イ / ③,65,2.0,0.0,1.6921309592188398,,0.7217719413296757,1473.0,0.8460654796094199
令和6年度,推進交付金,目標Ⅱ,公正・公平な給付を行う体制を構築する,目標Ⅱｰ（ⅰ）体制・取組指標群,2 / 給付費適正化事業の取組状況 / ウ,66,8.0,0.0,3.726593911545089,,3.9906451998136574,811.0,0.4658242389431361
令和6年度,推進交付金,目標Ⅱ,公正・公平な給付を行う体制を構築する,目標Ⅱｰ（ⅰ）体制・取組指標群,2 / 給付費適正化事業の取組状況 / エ,67,8.0,0.0,2.7156806433084433,,3.788208519871548,591.0,0.3394600804135554
令和6年度,推進交付金,目標Ⅱ,公正・公平な給付を行う体制を構築する,目標Ⅱｰ（ⅰ）体制・取組指標群,2 / 給付費適正化事業の取組状況 / オ,68,8.0,8.0,4.130959218839747,,3.9978556355877686,899.0,0.5163699023549684
令和6年度,推進交付金,目標Ⅱ,公正・公平な給付を行う体制を構築する,目標Ⅱｰ（ⅱ）活動指標群,1 / ケアプラン点検の実施状況 / ア,69,4.0,0.0,2.7983917288914415,,1.8337313454368758,1218.0,0.6995979322228604
令和6年度,推進交付金,目標Ⅱ,公正・公平な給付を行う体制を構築する,目標Ⅱｰ（ⅱ）活動指標群,1 / ケアプラン点検の実施状況 / イ,70,4.0,0.0,1.9988512349224583,,1.9999996700846718,870.0,0.4997128087306146
令和6年度,推進交付金,目標Ⅱ,公正・公平な給付を行う体制を構築する,目標Ⅱｰ（ⅱ）活動指標群,1 / ケアプラン点検の実施状況 / ウ,71,4.0,0.0,1.1993107409534751,,1.8327293063754742,522.0,0.2998276852383688
令和6年度,推進交付金,目標Ⅱ,公正・公平な給付を行う体制を構築する,目標Ⅱｰ（ⅱ）活動指標群,1 / ケアプラン点検の実施状況 / エ,72,4.0,0.0,0.39977024698449165,,1.1996936015349606,174.0,0.09994256174612291
令和6年度,推進交付金,目標Ⅱ,公正・公平な給付を行う体制を構築する,目標Ⅱｰ（ⅱ）活動指標群,2 / 医療情報との突合の実施状況 / ア,73,4.0,0.0,2.7983917288914415,,1.8337313454368758,1218.0,0.6995979322228604
令和6年度,推進交付金,目標Ⅱ,公正・公平な給付を行う体制を構築する,目標Ⅱｰ（ⅱ）活動指標群,2 / 医療情報との突合の実施状況 / イ,74,4.0,0.0,2.7547386559448594,,1.8521256872098468,1199.0,0.6886846639862149
令和6年度,推進交付金,目標Ⅱ,公正・公平な給付を行う体制を構築する,目標Ⅱｰ（ⅱ）活動指標群,2 / 医療情報との突合の実施状況 / ウ,75,4.0,0.0,2.7547386559448594,,1.8521256872098468,1199.0,0.6886846639862149
令和6年度,推進交付金,目標Ⅱ,公正・公平な給付を行う体制を構築する,目標Ⅱｰ（ⅱ）活動指標群,2 / 医療情報との突合の実施状況 / エ,76,4.0,0.0,2.7547386559448594,,1.8521256872098468,1199.0,0.6886846639862149
令和6年度,推進交付金,目標Ⅱ,公正・公平な給付を行う体制を構築する,,Ⅱ（ⅰ） 計,77,68.0,30.0,42.35726593911545,44.0,17.89634107537621,,
令和6年度,推進交付金,目標Ⅱ,公正・公平な給付を行う体制を構築する,,Ⅱ（ⅱ） 計,78,32.0,0.0,17.458931648477886,16.0,9.55068445640381,,
令和6年度,推進交付金,目標Ⅱ,公正・公平な給付を行う体制を構築する,,Ⅱ 合計,79,100.0,30.0,59.81619758759334,60.0,21.580156381973612,,
令和6年度,推進交付金,目標Ⅲ,介護人材の確保その他のサービス提供基盤の整備を推進する,目標Ⅲｰ（ⅰ）体制・取組指標群,1 / 介護人材の確保・定着の取組状況 / ア,80,6.0,6.0,4.266513497989661,,2.7195484109333288,1238.0,0.7110855829982768
令和6年度,推進交付金,目標Ⅲ,介護人材の確保その他のサービス提供基盤の整備を推進する,目標Ⅲｰ（ⅰ）体制・取組指標群,1 / 介護人材の確保・定着の取組状況 / イ,81,6.0,6.0,3.4738655944859276,,2.9623388392218906,1008.0,0.5789775990809879
令和6年度,推進交付金,目標Ⅲ,介護人材の確保その他のサービス提供基盤の整備を推進する,目標Ⅲｰ（ⅰ）体制・取組指標群,1 / 介護人材の確保・定着の取組状況 / ウ,82,6.0,0.0,3.6771970132107983,,2.922568083945757,1067.0,0.6128661688684663
令和6年度,推進交付金,目標Ⅲ,介護人材の確保その他のサービス提供基盤の整備を推進する,目標Ⅲｰ（ⅰ）体制・取組指標群,1 / 介護人材の確保・定着の取組状況 / エ,83,6.0,0.0,2.4744399770246983,,2.953605705277907,718.0,0.41240666283744976
令和6年度,推進交付金,目標Ⅲ,介護人材の確保その他のサービス提供基盤の整備を推進する,目標Ⅲｰ（ⅰ）体制・取組指標群,1 / 介護人材の確保・定着の取組状況 / オ,84,6.0,0.0,1.0304422745548536,,2.2629278305194225,299.0,0.17174037909247558
令和6年度,推進交付金,目標Ⅲ,介護人材の確保その他のサービス提供基盤の整備を推進する,目標Ⅲｰ（ⅰ）体制・取組指標群,2 / 庁内・庁外における連携体制 / ア,85,6.0,0.0,4.3836875358989085,,2.6618431214100515,1272.0,0.7306145893164848
令和6年度,推進交付金,目標Ⅲ,介護人材の確保その他のサービス提供基盤の整備を推進する,目標Ⅲｰ（ⅰ）体制・取組指標群,2 / 庁内・庁外における連携体制 / イ,86,6.0,0.0,4.759333716255026,,2.4299680810348683,1381.0,0.7932222860425043
令和6年度,推進交付金,目標Ⅲ,介護人材の確保その他のサービス提供基盤の整備を推進する,目標Ⅲｰ（ⅰ）体制・取組指標群,2 / 庁内・庁外における連携体制 / ウ / ①,87,2.0,0.0,1.2234348075818495,,0.9747188757589862,1065.0,0.6117174037909248
令和6年度,推進交付金,目標Ⅲ,介護人材の確保その他のサービス提供基盤の整備を推進する,目標Ⅲｰ（ⅰ）体制・取組指標群,2 / 庁内・庁外における連携体制 / ウ / ②,88,2.0,0.0,1.3130384836300977,,0.9497404423138824,1143.0,0.6565192418150488
令和6年度,推進交付金,目標Ⅲ,介護人材の確保その他のサービス提供基盤の整備を推進する,目標Ⅲｰ（ⅰ）体制・取組指標群,2 / 庁内・庁外における連携体制 / ウ / ③,89,2.0,0.0,1.3417576105686386,,0.9397881333675238,1168.0,0.6708788052843193
令和6年度,推進交付金,目標Ⅲ,介護人材の確保その他のサービス提供基盤の整備を推進する,目標Ⅲｰ（ⅰ）体制・取組指標群,2 / 庁内・庁外における連携体制 / ウ / ④,90,2.0,0.0,1.3658816771970133,,0.9306613768130171,1189.0,0.6829408385985066
令和6年度,推進交付金,目標Ⅲ,介護人材の確保その他のサービス提供基盤の整備を推進する,目標Ⅲｰ（ⅰ）体制・取組指標群,2 / 庁内・庁外における連携体制 / ウ / ⑤,91,2.0,0.0,0.925904652498564,,0.997251161683275,806.0,0.462952326249282
令和6年度,推進交付金,目標Ⅲ,介護人材の確保その他のサービス提供基盤の整備を推進する,目標Ⅲｰ（ⅰ）体制・取組指標群,2 / 庁内・庁外における連携体制 / エ,92,6.0,0.0,1.8161975875933372,,2.7565579711626174,527.0,0.30269959793222284
令和6年度,推進交付金,目標Ⅲ,介護人材の確保その他のサービス提供基盤の整備を推進する,目標Ⅲｰ（ⅰ）体制・取組指標群,2 / 庁内・庁外における連携体制 / オ,93,6.0,0.0,1.781734635267088,,2.7415013224677067,517.0,0.29695577254451466
令和6年度,推進交付金,目標Ⅲ,介護人材の確保その他のサービス提供基盤の整備を推進する,目標Ⅲｰ（ⅱ）活動指標群,1 / 介護の仕事の魅力に関する研修の実施状況 / ア,94,3.0,0.0,0.8460654796094199,,1.349951718781654,491.0,0.2820218265364733
令和6年度,推進交付金,目標Ⅲ,介護人材の確保その他のサービス提供基盤の整備を推進する,目標Ⅲｰ（ⅱ）活動指標群,1 / 介護の仕事の魅力に関する研修の実施状況 / イ,95,3.0,0.0,0.4221711659965537,,1.0432089937259799,245.0,0.14072372199885125
令和6年度,推進交付金,目標Ⅲ,介護人材の確保その他のサービス提供基盤の整備を推進する,目標Ⅲｰ（ⅱ）活動指標群,1 / 介護の仕事の魅力に関する研修の実施状況 / ウ,96,3.0,0.0,0.2533026995979322,,0.8341138058863409,147.0,0.08443423319931075
令和6年度,推進交付金,目標Ⅲ,介護人材の確保その他のサービス提供基盤の整備を推進する,目標Ⅲｰ（ⅱ）活動指標群,1 / 介護の仕事の魅力に関する研修の実施状況 / エ,97,3.0,0.0,0.08443423319931075,,0.4961588050835908,49.0,0.028144744399770247
令和6年度,推進交付金,目標Ⅲ,介護人材の確保その他のサービス提供基盤の整備を推進する,目標Ⅲｰ（ⅱ）活動指標群,2 / 介護人材の定着・資質向上に関する研修の実施状況 / ア,98,3.0,0.0,0.9735784032165422,,1.40459257524734,565.0,0.3245261344055141
令和6年度,推進交付金,目標Ⅲ,介護人材の確保その他のサービス提供基盤の整備を推進する,目標Ⅲｰ（ⅱ）活動指標群,2 / 介護人材の定着・資質向上に関する研修の実施状況 / イ,99,3.0,0.0,0.4859276278001149,,1.1052860371600184,282.0,0.16197587593337162
令和6年度,推進交付金,目標Ⅲ,介護人材の確保その他のサービス提供基盤の整備を推進する,目標Ⅲｰ（ⅱ）活動指標群,2 / 介護人材の定着・資質向上に関する研修の実施状況 / ウ,100,3.0,0.0,0.2912119471568064,,0.8881618339602083,169.0,0.09707064905226881
令和6年度,推進交付金,目標Ⅲ,介護人材の確保その他のサービス提供基盤の整備を推進する,目標Ⅲｰ（ⅱ）活動指標群,2 / 介護人材の定着・資質向上に関する研修の実施状況 / エ,101,3.0,0.0,0.09649626651349799,,0.5293177401990697,56.0,0.032165422171166
令和6年度,推進交付金,目標Ⅲ,介護人材の確保その他のサービス提供基盤の整備を推進する,目標Ⅲｰ（ⅱ）活動指標群,3 / 介護支援専門員に対する研修の実施状況 / ア,102,3.0,0.0,1.8403216542217116,,1.4608836954623725,1068.0,0.6134405514072372
令和6年度,推進交付金,目標Ⅲ,介護人材の確保その他のサービス提供基盤の整備を推進する,目標Ⅲｰ（ⅱ）活動指標群,3 / 介護支援専門員に対する研修の実施状況 / イ,103,3.0,0.0,1.0631820792647904,,1.4349878411068744,617.0,0.3543940264215968
令和6年度,推進交付金,目標Ⅲ,介護人材の確保その他のサービス提供基盤の整備を推進する,目標Ⅲｰ（ⅱ）活動指標群,3 / 介護支援専門員に対する研修の実施状況 / ウ,104,3.0,0.0,0.6668581275129236,,1.2473470328295684,387.0,0.22228604250430786
令和6年度,推進交付金,目標Ⅲ,介護人材の確保その他のサービス提供基盤の整備を推進する,目標Ⅲｰ（ⅱ）活動指標群,3 / 介護支援専門員に対する研修の実施状況 / エ,105,3.0,0.0,0.18437679494543366,,0.7205106399783077,107.0,0.061458931648477884
令和6年度,推進交付金,目標Ⅲ,介護人材の確保その他のサービス提供基盤の整備を推進する,,Ⅲ（ⅰ） 計,106,64.0,12.0,33.83342906375646,34.0,18.009310477852896,,
令和6年度,推進交付金,目標Ⅲ,介護人材の確保その他のサービス提供基盤の整備を推進する,,Ⅲ（ⅱ） 計,107,36.0,0.0,7.207926479035037,6.0,7.299324896772582,,
令和6年度,推進交付金,目標Ⅲ,介護人材の確保その他のサービス提供基盤の整備を推進する,,Ⅲ 合計,108,100.0,12.0,41.0413555427915,41.0,22.37091405709872,,
令和6年度,推進交付金,目標Ⅳ,高齢者がその状況に応じて可能な限り自立した日常生活を営む,目標Ⅳｰ成果指標群,1 / 短期的な要介護度の変化（要介護１・２） / ア / ①,109,5.0,5.0,2.1395749569213094,,2.473882331138998,745.0,0.4279149913842619
令和6年度,推進交付金,目標Ⅳ,高齢者がその状況に応じて可能な限り自立した日常生活を営む,目標Ⅳｰ成果指標群,1 / 短期的な要介護度の変化（要介護１・２） / ア / ②,110,5.0,5.0,1.7231476163124642,,2.3762365989015053,600.0,0.3446295232624928
令和6年度,推進交付金,目標Ⅳ,高齢者がその状況に応じて可能な限り自立した日常生活を営む,目標Ⅳｰ成果指標群,1 / 短期的な要介護度の変化（要介護１・２） / ア / ③,111,5.0,5.0,1.1774842044801839,,2.121544713316358,410.0,0.23549684089603676
令和6年度,推進交付金,目標Ⅳ,高齢者がその状況に応じて可能な限り自立した日常生活を営む,目標Ⅳｰ成果指標群,1 / 短期的な要介護度の変化（要介護１・２） / ア / ④,112,5.0,0.0,0.4595060310166571,,1.4444321938196354,160.0,0.09190120620333142
令和6年度,推進交付金,目標Ⅳ,高齢者がその状況に応じて可能な限り自立した日常生活を営む,目標Ⅳｰ成果指標群,1 / 短期的な要介護度の変化（要介護１・２） / イ / ①,113,5.0,0.0,1.9730040206777715,,2.44382389663785,687.0,0.39460080413555426
令和6年度,推進交付金,目標Ⅳ,高齢者がその状況に応じて可能な限り自立した日常生活を営む,目標Ⅳｰ成果指標群,1 / 短期的な要介護度の変化（要介護１・２） / イ / ②,114,5.0,0.0,1.6542217116599656,,2.352585617352236,576.0,0.3308443423319931
令和6年度,推進交付金,目標Ⅳ,高齢者がその状況に応じて可能な限り自立した日常生活を営む,目標Ⅳｰ成果指標群,1 / 短期的な要介護度の変化（要介護１・２） / イ / ③,115,5.0,0.0,1.1401493394600803,,2.0978098534016723,397.0,0.22802986789201607
令和6年度,推進交付金,目標Ⅳ,高齢者がその状況に応じて可能な限り自立した日常生活を営む,目標Ⅳｰ成果指標群,1 / 短期的な要介護度の変化（要介護１・２） / イ / ④,116,5.0,0.0,0.44514646754738657,,1.423930110703126,155.0,0.08902929350947732
令和6年度,推進交付金,目標Ⅳ,高齢者がその状況に応じて可能な限り自立した日常生活を営む,目標Ⅳｰ成果指標群,2 / 長期的な要介護度の変化（要介護１・２） / ア,117,5.0,5.0,3.55255600229753,,2.267625600055583,1237.0,0.710511200459506
令和6年度,推進交付金,目標Ⅳ,高齢者がその状況に応じて可能な限り自立した日常生活を営む,目標Ⅳｰ成果指標群,2 / 長期的な要介護度の変化（要介護１・２） / イ,118,5.0,0.0,2.498564043653073,,2.49999958760584,870.0,0.4997128087306146
令和6年度,推進交付金,目標Ⅳ,高齢者がその状況に応じて可能な限り自立した日常生活を営む,目標Ⅳｰ成果指標群,2 / 長期的な要介護度の変化（要介護１・２） / ウ,119,5.0,0.0,1.4991384261918437,,2.2909116329693426,522.0,0.2998276852383688
令和6年度,推進交付金,目標Ⅳ,高齢者がその状況に応じて可能な限り自立した日常生活を営む,目標Ⅳｰ成果指標群,2 / 長期的な要介護度の変化（要介護１・２） / エ,120,5.0,0.0,0.5054566341183228,,1.507248075672147,176.0,0.10109132682366456
令和6年度,推進交付金,目標Ⅳ,高齢者がその状況に応じて可能な限り自立した日常生活を営む,目標Ⅳｰ成果指標群,3 / 短期的な要介護度の変化（要介護３～５） / ア / ①,121,5.0,0.0,2.1711659965537047,,2.4782792817149324,756.0,0.43423319931074095
令和6年度,推進交付金,目標Ⅳ,高齢者がその状況に応じて可能な限り自立した日常生活を営む,目標Ⅳｰ成果指標群,3 / 短期的な要介護度の変化（要介護３～５） / ア / ②,122,5.0,0.0,1.717403790924756,,2.374351105784706,598.0,0.34348075818495116
令和6年度,推進交付金,目標Ⅳ,高齢者がその状況に応じて可能な限り自立した日常生活を営む,目標Ⅳｰ成果指標群,3 / 短期的な要介護度の変化（要介護３～５） / ア / ③,123,5.0,0.0,1.1430212521539345,,2.099668706699732,398.0,0.22860425043078691
令和6年度,推進交付金,目標Ⅳ,高齢者がその状況に応じて可能な限り自立した日常生活を営む,目標Ⅳｰ成果指標群,3 / 短期的な要介護度の変化（要介護３～５） / ア / ④,124,5.0,0.0,0.40781160252728316,,1.3684837264215257,142.0,0.08156232050545663
令和6年度,推進交付金,目標Ⅳ,高齢者がその状況に応じて可能な限り自立した日常生活を営む,目標Ⅳｰ成果指標群,3 / 短期的な要介護度の変化（要介護３～５） / イ / ①,125,5.0,5.0,1.9184376794945435,,2.4314163089377163,668.0,0.3836875358989087
令和6年度,推進交付金,目標Ⅳ,高齢者がその状況に応じて可能な限り自立した日常生活を営む,目標Ⅳｰ成果指標群,3 / 短期的な要介護度の変化（要介護３～５） / イ / ②,126,5.0,5.0,1.4704192992533027,,2.278149156804694,512.0,0.29408385985066055
令和6年度,推進交付金,目標Ⅳ,高齢者がその状況に応じて可能な限り自立した日常生活を営む,目標Ⅳｰ成果指標群,3 / 短期的な要介護度の変化（要介護３～５） / イ / ③,127,5.0,5.0,0.9850660539919587,,1.9887119296752118,343.0,0.19701321079839174
令和6年度,推進交付金,目標Ⅳ,高齢者がその状況に応じて可能な限り自立した日常生活を営む,目標Ⅳｰ成果指標群,3 / 短期的な要介護度の変化（要介護３～５） / イ / ④,128,5.0,5.0,0.36473291211947156,,1.3002440014913383,127.0,0.07294658242389432
令和6年度,推進交付金,目標Ⅳ,高齢者がその状況に応じて可能な限り自立した日常生活を営む,目標Ⅳｰ成果指標群,4 / 長期的な要介護度の変化（要介護３～５） / ア,129,5.0,5.0,3.497989661114302,,2.2921641817960947,1218.0,0.6995979322228604
令和6年度,推進交付金,目標Ⅳ,高齢者がその状況に応じて可能な限り自立した日常生活を営む,目標Ⅳｰ成果指標群,4 / 長期的な要介護度の変化（要介護３～５） / イ,130,5.0,5.0,2.498564043653073,,2.49999958760584,870.0,0.4997128087306146
令和6年度,推進交付金,目標Ⅳ,高齢者がその状況に応じて可能な限り自立した日常生活を営む,目標Ⅳｰ成果指標群,4 / 長期的な要介護度の変化（要介護３～５） / ウ,131,5.0,5.0,1.4991384261918437,,2.2909116329693426,522.0,0.2998276852383688
令和6年度,推進交付金,目標Ⅳ,高齢者がその状況に応じて可能な限り自立した日常生活を営む,目標Ⅳｰ成果指標群,4 / 長期的な要介護度の変化（要介護３～５） / エ,132,5.0,0.0,0.4997128087306146,,1.499617001918701,174.0,0.09994256174612291
令和6年度,推進交付金,目標Ⅳ,高齢者がその状況に応じて可能な限り自立した日常生活を営む,目標Ⅳｰ成果指標群,5 / 健康寿命延伸の状況 / ア / ①,133,5.0,5.0,2.2142446869615164,,2.483615087140171,771.0,0.4428489373923033
令和6年度,推進交付金,目標Ⅳ,高齢者がその状況に応じて可能な限り自立した日常生活を営む,目標Ⅳｰ成果指標群,5 / 健康寿命延伸の状況 / ア / ②,134,5.0,5.0,1.797817346352671,,2.3993623154740082,626.0,0.3595634692705342
令和6年度,推進交付金,目標Ⅳ,高齢者がその状況に応じて可能な限り自立した日常生活を営む,目標Ⅳｰ成果指標群,5 / 健康寿命延伸の状況 / ア / ③,135,5.0,0.0,1.2693854106835152,,2.1761405590084064,442.0,0.25387708213670307
令和6年度,推進交付金,目標Ⅳ,高齢者がその状況に応じて可能な限り自立した日常生活を営む,目標Ⅳｰ成果指標群,5 / 健康寿命延伸の状況 / ア / ④,136,5.0,0.0,0.44514646754738657,,1.423930110703126,155.0,0.08902929350947732
令和6年度,推進交付金,目標Ⅳ,高齢者がその状況に応じて可能な限り自立した日常生活を営む,目標Ⅳｰ成果指標群,5 / 健康寿命延伸の状況 / イ / ①,137,5.0,0.0,2.334865020103389,,2.4945401256372977,813.0,0.46697300402067776
令和6年度,推進交付金,目標Ⅳ,高齢者がその状況に応じて可能な限り自立した日常生活を営む,目標Ⅳｰ成果指標群,5 / 健康寿命延伸の状況 / イ / ②,138,5.0,0.0,1.8638713383113152,,2.417713863503736,649.0,0.37277426766226307
令和6年度,推進交付金,目標Ⅳ,高齢者がその状況に応じて可能な限り自立した日常生活を営む,目標Ⅳｰ成果指標群,5 / 健康寿命延伸の状況 / イ / ③,139,5.0,0.0,1.2837449741527858,,2.184198643004201,447.0,0.25674899483055713
令和6年度,推進交付金,目標Ⅳ,高齢者がその状況に応じて可能な限り自立した日常生活を営む,目標Ⅳｰ成果指標群,5 / 健康寿命延伸の状況 / イ / ④,140,5.0,0.0,0.456634118322803,,1.4403665761178892,159.0,0.0913268236645606
令和6年度,推進交付金,目標Ⅳ,高齢者がその状況に応じて可能な限り自立した日常生活を営む,,Ⅳ 合計,141,100.0,65.0,48.60712234348076,50.0,17.365173933969167,,
令和6年度,推進交付金,,,,推進合計,142,400.0,124.0,205.63699023549685,209.0,55.31547338255705,,
令和6年度,支援交付金,目標Ⅰ,介護予防/日常生活支援を推進する,目標Ⅰｰ（ⅰ）体制・取組指標群,1 / データを活用した課題の把握 / ア,143,1.0,0.0,0.8070074669730041,,0.39464720349043375,1405.0,0.8070074669730041
令和6年度,支援交付金,目標Ⅰ,介護予防/日常生活支援を推進する,目標Ⅰｰ（ⅰ）体制・取組指標群,1 / データを活用した課題の把握 / イ,144,1.0,0.0,0.8173463526708789,,0.3863823138375904,1423.0,0.8173463526708789
令和6年度,支援交付金,目標Ⅰ,介護予防/日常生活支援を推進する,目標Ⅰｰ（ⅰ）体制・取組指標群,1 / データを活用した課題の把握 / ウ,145,2.0,0.0,1.4106835152211372,,0.911777961087901,1228.0,0.7053417576105686
令和6年度,支援交付金,目標Ⅰ,介護予防/日常生活支援を推進する,目標Ⅰｰ（ⅰ）体制・取組指標群,1 / データを活用した課題の把握 / エ,146,2.0,0.0,1.179781734635267,,0.9837065252866499,1027.0,0.5898908673176335
令和6年度,支援交付金,目標Ⅰ,介護予防/日常生活支援を推進する,目標Ⅰｰ（ⅰ）体制・取組指標群,2 / アウトリーチ等の取組状況 / ア,147,1.0,0.0,0.8943136128661688,,0.30743580583339525,1557.0,0.8943136128661688
令和6年度,支援交付金,目標Ⅰ,介護予防/日常生活支援を推進する,目標Ⅰｰ（ⅰ）体制・取組指標群,2 / アウトリーチ等の取組状況 / イ,148,2.0,0.0,1.3038483630097646,,0.952720406150874,1135.0,0.6519241815048823
令和6年度,支援交付金,目標Ⅰ,介護予防/日常生活支援を推進する,目標Ⅰｰ（ⅰ）体制・取組指標群,2 / アウトリーチ等の取組状況 / ウ / ①,149,1.0,0.0,0.6984491671453188,,0.4589312890393608,1216.0,0.6984491671453188
令和6年度,支援交付金,目標Ⅰ,介護予防/日常生活支援を推進する,目標Ⅰｰ（ⅰ）体制・取組指標群,2 / アウトリーチ等の取組状況 / ウ / ②,150,1.0,0.0,0.4997128087306146,,0.49999991752116796,870.0,0.4997128087306146
令和6年度,支援交付金,目標Ⅰ,介護予防/日常生活支援を推進する,目標Ⅰｰ（ⅰ）体制・取組指標群,2 / アウトリーチ等の取組状況 / ウ / ③,151,1.0,0.0,0.5353245261344055,,0.4987506168952372,932.0,0.5353245261344055
令和6年度,支援交付金,目標Ⅰ,介護予防/日常生活支援を推進する,目標Ⅰｰ（ⅰ）体制・取組指標群,2 / アウトリーチ等の取組状況 / ウ / ④,152,1.0,0.0,0.17690982194141297,,0.3815923699998082,308.0,0.17690982194141297
令和6年度,支援交付金,目標Ⅰ,介護予防/日常生活支援を推進する,目標Ⅰｰ（ⅰ）体制・取組指標群,2 / アウトリーチ等の取組状況 / エ,153,2.0,0.0,0.9684089603676048,,0.9995008785463595,843.0,0.4842044801838024
令和6年度,支援交付金,目標Ⅰ,介護予防/日常生活支援を推進する,目標Ⅰｰ（ⅰ）体制・取組指標群,3 / 介護予防等と保健事業の一体的実施 / ア,154,1.0,0.0,0.909821941412981,,0.2864366881816907,1584.0,0.909821941412981
令和6年度,支援交付金,目標Ⅰ,介護予防/日常生活支援を推進する,目標Ⅰｰ（ⅰ）体制・取組指標群,3 / 介護予防等と保健事業の一体的実施 / イ,155,2.0,0.0,1.5060310166570936,,0.8625152811289712,1311.0,0.7530155083285468
令和6年度,支援交付金,目標Ⅰ,介護予防/日常生活支援を推進する,目標Ⅰｰ（ⅰ）体制・取組指標群,3 / 介護予防等と保健事業の一体的実施 / ウ,156,2.0,0.0,1.3394600804135555,,0.9406204621448666,1166.0,0.6697300402067777
令和6年度,支援交付金,目標Ⅰ,介護予防/日常生活支援を推進する,目標Ⅰｰ（ⅰ）体制・取組指標群,3 / 介護予防等と保健事業の一体的実施 / エ,157,2.0,0.0,1.3647329121194716,,0.931112185945845,1188.0,0.6823664560597358
令和6年度,支援交付金,目標Ⅰ,介護予防/日常生活支援を推進する,目標Ⅰｰ（ⅰ）体制・取組指標群,4 / 通いの場参加者の健康状態の把握・分析 / ア,158,1.0,1.0,0.8179207352096496,,0.38590984196280337,1424.0,0.8179207352096496
令和6年度,支援交付金,目標Ⅰ,介護予防/日常生活支援を推進する,目標Ⅰｰ（ⅰ）体制・取組指標群,4 / 通いの場参加者の健康状態の把握・分析 / イ,159,2.0,0.0,1.3647329121194716,,0.931112185945845,1188.0,0.6823664560597358
令和6年度,支援交付金,目標Ⅰ,介護予防/日常生活支援を推進する,目標Ⅰｰ（ⅰ）体制・取組指標群,4 / 通いの場参加者の健康状態の把握・分析 / ウ,160,2.0,2.0,1.2142446869615164,,0.9767800233976747,1057.0,0.6071223434807582
令和6年度,支援交付金,目標Ⅰ,介護予防/日常生活支援を推進する,目標Ⅰｰ（ⅰ）体制・取組指標群,4 / 通いの場参加者の健康状態の把握・分析 / エ,161,2.0,0.0,1.0660539919586445,,0.9978160502549192,928.0,0.5330269959793222
令和6年度,支援交付金,目標Ⅰ,介護予防/日常生活支援を推進する,目標Ⅰｰ（ⅰ）体制・取組指標群,5 / 地域リハビリテーションの推進 / ア,162,1.0,0.0,0.43136128661688683,,0.49526631929206616,751.0,0.43136128661688683
令和6年度,支援交付金,目標Ⅰ,介護予防/日常生活支援を推進する,目標Ⅰｰ（ⅰ）体制・取組指標群,5 / 地域リハビリテーションの推進 / イ,163,2.0,0.0,1.3991958644457207,,0.9168656727184379,1218.0,0.6995979322228604
令和6年度,支援交付金,目標Ⅰ,介護予防/日常生活支援を推進する,目標Ⅰｰ（ⅰ）体制・取組指標群,5 / 地域リハビリテーションの推進 / ウ,164,2.0,0.0,1.2199885123492247,,0.9755024625465458,1062.0,0.6099942561746123
令和6年度,支援交付金,目標Ⅰ,介護予防/日常生活支援を推進する,目標Ⅰｰ（ⅰ）体制・取組指標群,5 / 地域リハビリテーションの推進 / エ,165,2.0,0.0,0.7777139574956922,,0.9749814948540168,677.0,0.3888569787478461
令和6年度,支援交付金,目標Ⅰ,介護予防/日常生活支援を推進する,目標Ⅰｰ（ⅰ）体制・取組指標群,6 / 介護予防・生活支援の体制整備 / ア,166,1.0,1.0,0.8070074669730041,,0.39464720349043375,1405.0,0.8070074669730041
令和6年度,支援交付金,目標Ⅰ,介護予防/日常生活支援を推進する,目標Ⅰｰ（ⅰ）体制・取組指標群,6 / 介護予防・生活支援の体制整備 / イ,167,2.0,2.0,1.3911545089029294,,0.9203250241979234,1211.0,0.6955772544514647
令和6年度,支援交付金,目標Ⅰ,介護予防/日常生活支援を推進する,目標Ⅰｰ（ⅰ）体制・取組指標群,6 / 介護予防・生活支援の体制整備 / ウ,168,2.0,2.0,1.2705341757610569,,0.9627103716826185,1106.0,0.6352670878805284
令和6年度,支援交付金,目標Ⅰ,介護予防/日常生活支援を推進する,目標Ⅰｰ（ⅰ）体制・取組指標群,6 / 介護予防・生活支援の体制整備 / エ,169,2.0,2.0,0.8845491097070649,,0.9933131892462561,770.0,0.44227455485353245
令和6年度,支援交付金,目標Ⅰ,介護予防/日常生活支援を推進する,目標Ⅰｰ（ⅰ）体制・取組指標群,6 / 介護予防・生活支援の体制整備 / オ,170,2.0,2.0,0.7823090178058587,,0.9760177438301775,681.0,0.39115450890292935
令和6年度,支援交付金,目標Ⅰ,介護予防/日常生活支援を推進する,目標Ⅰｰ（ⅰ）体制・取組指標群,7 / 多様なサービスの活用推進 / ア,171,1.0,0.0,0.7219988512349225,,0.4480139618922325,1257.0,0.7219988512349225
令和6年度,支援交付金,目標Ⅰ,介護予防/日常生活支援を推進する,目標Ⅰｰ（ⅰ）体制・取組指標群,7 / 多様なサービスの活用推進 / イ,172,2.0,0.0,1.1924181504882252,,0.9813130261861862,1038.0,0.5962090752441126
令和6年度,支援交付金,目標Ⅰ,介護予防/日常生活支援を推進する,目標Ⅰｰ（ⅰ）体制・取組指標群,7 / 多様なサービスの活用推進 / ウ,173,2.0,0.0,0.8811028144744399,,0.9929065712714871,767.0,0.44055140723721997
令和6年度,支援交付金,目標Ⅰ,介護予防/日常生活支援を推進する,目標Ⅰｰ（ⅰ）体制・取組指標群,7 / 多様なサービスの活用推進 / エ,174,2.0,0.0,0.7777139574956922,,0.9749814948540168,677.0,0.3888569787478461
令和6年度,支援交付金,目標Ⅰ,介護予防/日常生活支援を推進する,目標Ⅰｰ（ⅱ）活動指標群,1 / 地域包括支援センター３職種の配置状況 / ア,175,1.0,1.0,0.6995979322228604,,0.45843283635921894,1218.0,0.6995979322228604
令和6年度,支援交付金,目標Ⅰ,介護予防/日常生活支援を推進する,目標Ⅰｰ（ⅱ）活動指標群,1 / 地域包括支援センター３職種の配置状況 / イ,176,1.0,1.0,0.4997128087306146,,0.49999991752116796,870.0,0.4997128087306146
令和6年度,支援交付金,目標Ⅰ,介護予防/日常生活支援を推進する,目標Ⅰｰ（ⅱ）活動指標群,1 / 地域包括支援センター３職種の配置状況 / ウ,177,1.0,1.0,0.2998276852383688,,0.45818232659386854,522.0,0.2998276852383688
令和6年度,支援交付金,目標Ⅰ,介護予防/日常生活支援を推進する,目標Ⅰｰ（ⅱ）活動指標群,1 / 地域包括支援センター３職種の配置状況 / エ,178,1.0,1.0,0.09994256174612291,,0.29992340038374016,174.0,0.09994256174612291
令和6年度,支援交付金,目標Ⅰ,介護予防/日常生活支援を推進する,目標Ⅰｰ（ⅱ）活動指標群,2 / 地域包括支援センター事業評価の達成状況 / ア / ①,179,1.0,1.0,0.7443997702469844,,0.4361980654510301,1296.0,0.7443997702469844
令和6年度,支援交付金,目標Ⅰ,介護予防/日常生活支援を推進する,目標Ⅰｰ（ⅱ）活動指標群,2 / 地域包括支援センター事業評価の達成状況 / ア / ②,180,1.0,1.0,0.5611717403790925,,0.4962439099666543,977.0,0.5611717403790925
令和6年度,支援交付金,目標Ⅰ,介護予防/日常生活支援を推進する,目標Ⅰｰ（ⅱ）活動指標群,2 / 地域包括支援センター事業評価の達成状況 / ア / ③,181,1.0,1.0,0.30040206777713957,,0.45843283635921894,523.0,0.30040206777713957
令和6年度,支援交付金,目標Ⅰ,介護予防/日常生活支援を推進する,目標Ⅰｰ（ⅱ）活動指標群,2 / 地域包括支援センター事業評価の達成状況 / ア / ④,182,1.0,0.0,0.16599655370476737,,0.3720775428091672,289.0,0.16599655370476737
令和6年度,支援交付金,目標Ⅰ,介護予防/日常生活支援を推進する,目標Ⅰｰ（ⅱ）活動指標群,2 / 地域包括支援センター事業評価の達成状況 / イ / ①,183,1.0,1.0,0.704192992533027,,0.45640466890732745,1226.0,0.704192992533027
令和6年度,支援交付金,目標Ⅰ,介護予防/日常生活支援を推進する,目標Ⅰｰ（ⅱ）活動指標群,2 / 地域包括支援センター事業評価の達成状況 / イ / ②,184,1.0,0.0,0.5157955198161975,,0.49975043927317975,898.0,0.5157955198161975
令和6年度,支援交付金,目標Ⅰ,介護予防/日常生活支援を推進する,目標Ⅰｰ（ⅱ）活動指標群,2 / 地域包括支援センター事業評価の達成状況 / イ / ③,185,1.0,0.0,0.2998276852383688,,0.45818232659386854,522.0,0.2998276852383688
令和6年度,支援交付金,目標Ⅰ,介護予防/日常生活支援を推進する,目標Ⅰｰ（ⅱ）活動指標群,2 / 地域包括支援センター事業評価の達成状況 / イ / ④,186,1.0,0.0,0.1367030442274555,,0.34353358194855105,238.0,0.1367030442274555
令和6年度,支援交付金,目標Ⅰ,介護予防/日常生活支援を推進する,目標Ⅰｰ（ⅱ）活動指標群,2 / 地域包括支援センター事業評価の達成状況 / ウ / ①,187,1.0,1.0,0.7053417576105686,,0.4558889805439505,1228.0,0.7053417576105686
令和6年度,支援交付金,目標Ⅰ,介護予防/日常生活支援を推進する,目標Ⅰｰ（ⅱ）活動指標群,2 / 地域包括支援センター事業評価の達成状況 / ウ / ②,188,1.0,0.0,0.4997128087306146,,0.49999991752116796,870.0,0.4997128087306146
令和6年度,支援交付金,目標Ⅰ,介護予防/日常生活支援を推進する,目標Ⅰｰ（ⅱ）活動指標群,2 / 地域包括支援センター事業評価の達成状況 / ウ / ③,189,1.0,0.0,0.3038483630097645,,0.4599179658439653,529.0,0.3038483630097645
令和6年度,支援交付金,目標Ⅰ,介護予防/日常生活支援を推進する,目標Ⅰｰ（ⅱ）活動指標群,2 / 地域包括支援センター事業評価の達成状況 / ウ / ④,190,1.0,0.0,0.17059161401493395,,0.37615171838330574,297.0,0.17059161401493395
令和6年度,支援交付金,目標Ⅰ,介護予防/日常生活支援を推進する,目標Ⅰｰ（ⅱ）活動指標群,3 / 個別事例の検討割合 / ア,191,1.0,1.0,0.6995979322228604,,0.45843283635921894,1218.0,0.6995979322228604
令和6年度,支援交付金,目標Ⅰ,介護予防/日常生活支援を推進する,目標Ⅰｰ（ⅱ）活動指標群,3 / 個別事例の検討割合 / イ,192,1.0,1.0,0.4997128087306146,,0.49999991752116796,870.0,0.4997128087306146
令和6年度,支援交付金,目標Ⅰ,介護予防/日常生活支援を推進する,目標Ⅰｰ（ⅱ）活動指標群,3 / 個別事例の検討割合 / ウ,193,1.0,1.0,0.2998276852383688,,0.45818232659386854,522.0,0.2998276852383688
令和6年度,支援交付金,目標Ⅰ,介護予防/日常生活支援を推進する,目標Ⅰｰ（ⅱ）活動指標群,3 / 個別事例の検討割合 / エ,194,1.0,0.0,0.09994256174612291,,0.29992340038374016,174.0,0.09994256174612291
令和6年度,支援交付金,目標Ⅰ,介護予防/日常生活支援を推進する,目標Ⅰｰ（ⅱ）活動指標群,4 / 通いの場への参加率 / ア / ①,195,1.0,0.0,0.6995979322228604,,0.45843283635921894,1218.0,0.6995979322228604
令和6年度,支援交付金,目標Ⅰ,介護予防/日常生活支援を推進する,目標Ⅰｰ（ⅱ）活動指標群,4 / 通いの場への参加率 / ア / ②,196,1.0,0.0,0.4997128087306146,,0.49999991752116796,870.0,0.4997128087306146
令和6年度,支援交付金,目標Ⅰ,介護予防/日常生活支援を推進する,目標Ⅰｰ（ⅱ）活動指標群,4 / 通いの場への参加率 / ア / ③,197,1.0,0.0,0.2998276852383688,,0.45818232659386854,522.0,0.2998276852383688
令和6年度,支援交付金,目標Ⅰ,介護予防/日常生活支援を推進する,目標Ⅰｰ（ⅱ）活動指標群,4 / 通いの場への参加率 / ア / ④,198,1.0,0.0,0.09994256174612291,,0.29992340038374016,174.0,0.09994256174612291
令和6年度,支援交付金,目標Ⅰ,介護予防/日常生活支援を推進する,目標Ⅰｰ（ⅱ）活動指標群,4 / 通いの場への参加率 / イ / ①,199,1.0,0.0,0.6995979322228604,,0.45843283635921894,1218.0,0.6995979322228604
令和6年度,支援交付金,目標Ⅰ,介護予防/日常生活支援を推進する,目標Ⅰｰ（ⅱ）活動指標群,4 / 通いの場への参加率 / イ / ②,200,1.0,0.0,0.5083285468121769,,0.4999306304958693,885.0,0.5083285468121769
令和6年度,支援交付金,目標Ⅰ,介護予防/日常生活支援を推進する,目標Ⅰｰ（ⅱ）活動指標群,4 / 通いの場への参加率 / イ / ③,201,1.0,0.0,0.2998276852383688,,0.45818232659386854,522.0,0.2998276852383688
令和6年度,支援交付金,目標Ⅰ,介護予防/日常生活支援を推進する,目標Ⅰｰ（ⅱ）活動指標群,4 / 通いの場への参加率 / イ / ④,202,1.0,0.0,0.09994256174612291,,0.29992340038374016,174.0,0.09994256174612291
令和6年度,支援交付金,目標Ⅰ,介護予防/日常生活支援を推進する,目標Ⅰｰ（ⅱ）活動指標群,5 / ポイント事業への参加率 / ア,203,1.0,0.0,0.5514072372199885,,0.4973502749183998,960.0,0.5514072372199885
令和6年度,支援交付金,目標Ⅰ,介護予防/日常生活支援を推進する,目標Ⅰｰ（ⅱ）活動指標群,5 / ポイント事業への参加率 / イ,204,1.0,0.0,0.27570361860999426,,0.4468681385994632,480.0,0.27570361860999426
令和6年度,支援交付金,目標Ⅰ,介護予防/日常生活支援を推進する,目標Ⅰｰ（ⅱ）活動指標群,5 / ポイント事業への参加率 / ウ,205,1.0,0.0,0.16542217116599656,,0.37156113420637027,288.0,0.16542217116599656
令和6年度,支援交付金,目標Ⅰ,介護予防/日常生活支援を推進する,目標Ⅰｰ（ⅱ）活動指標群,5 / ポイント事業への参加率 / エ,206,1.0,0.0,0.05514072372199885,,0.22825473556842812,96.0,0.05514072372199885
令和6年度,支援交付金,目標Ⅰ,介護予防/日常生活支援を推進する,目標Ⅰｰ（ⅱ）活動指標群,6 / 心身・認知機能維持・改善者の割合 / ア,207,1.0,0.0,0.5611717403790925,,0.4962439099666543,977.0,0.5611717403790925
令和6年度,支援交付金,目標Ⅰ,介護予防/日常生活支援を推進する,目標Ⅰｰ（ⅱ）活動指標群,6 / 心身・認知機能維持・改善者の割合 / イ,208,1.0,0.0,0.2802986789201608,,0.4491451096425001,488.0,0.2802986789201608
令和6年度,支援交付金,目標Ⅰ,介護予防/日常生活支援を推進する,目標Ⅰｰ（ⅱ）活動指標群,6 / 心身・認知機能維持・改善者の割合 / ウ,209,1.0,0.0,0.1688684663986215,,0.3746356996534088,294.0,0.1688684663986215
令和6年度,支援交付金,目標Ⅰ,介護予防/日常生活支援を推進する,目標Ⅰｰ（ⅱ）活動指標群,6 / 心身・認知機能維持・改善者の割合 / エ,210,1.0,0.0,0.07869040781160253,,0.2692549489425333,137.0,0.07869040781160253
令和6年度,支援交付金,目標Ⅰ,介護予防/日常生活支援を推進する,目標Ⅰｰ（ⅱ）活動指標群,7 / 生活支援コーディネーター数 / ア,211,1.0,1.0,0.6995979322228604,,0.45843283635921894,1218.0,0.6995979322228604
令和6年度,支援交付金,目標Ⅰ,介護予防/日常生活支援を推進する,目標Ⅰｰ（ⅱ）活動指標群,7 / 生活支援コーディネーター数 / イ,212,1.0,1.0,0.4997128087306146,,0.49999991752116796,870.0,0.4997128087306146
令和6年度,支援交付金,目標Ⅰ,介護予防/日常生活支援を推進する,目標Ⅰｰ（ⅱ）活動指標群,7 / 生活支援コーディネーター数 / ウ,213,1.0,1.0,0.2998276852383688,,0.45818232659386854,522.0,0.2998276852383688
令和6年度,支援交付金,目標Ⅰ,介護予防/日常生活支援を推進する,目標Ⅰｰ（ⅱ）活動指標群,7 / 生活支援コーディネーター数 / エ,214,1.0,0.0,0.09994256174612291,,0.29992340038374016,174.0,0.09994256174612291
令和6年度,支援交付金,目標Ⅰ,介護予防/日常生活支援を推進する,目標Ⅰｰ（ⅱ）活動指標群,8 / 生活支援コーディネーターの地域ケア会議への参加割合 / ア,215,1.0,0.0,0.7162550258472142,,0.4508145558828161,1247.0,0.7162550258472142
令和6年度,支援交付金,目標Ⅰ,介護予防/日常生活支援を推進する,目標Ⅰｰ（ⅱ）活動指標群,8 / 生活支援コーディネーターの地域ケア会議への参加割合 / イ,216,1.0,0.0,0.6266513497989661,,0.4836935347863355,1091.0,0.6266513497989661
令和6年度,支援交付金,目標Ⅰ,介護予防/日常生活支援を推進する,目標Ⅰｰ（ⅱ）活動指標群,8 / 生活支援コーディネーターの地域ケア会議への参加割合 / ウ,217,1.0,0.0,0.6266513497989661,,0.4836935347863355,1091.0,0.6266513497989661
令和6年度,支援交付金,目標Ⅰ,介護予防/日常生活支援を推進する,目標Ⅰｰ（ⅱ）活動指標群,8 / 生活支援コーディネーターの地域ケア会議への参加割合 / エ,218,1.0,0.0,0.6266513497989661,,0.4836935347863355,1091.0,0.6266513497989661
令和6年度,支援交付金,目標Ⅰ,介護予防/日常生活支援を推進する,目標Ⅰｰ（ⅱ）活動指標群,9 / 多様なサービスの実施状況 / ア / ①,219,1.0,0.0,0.3308443423319931,,0.4705171234704472,576.0,0.3308443423319931
令和6年度,支援交付金,目標Ⅰ,介護予防/日常生活支援を推進する,目標Ⅰｰ（ⅱ）活動指標群,9 / 多様なサービスの実施状況 / ア / ②,220,1.0,0.0,0.2929350947731189,,0.4551089155613003,510.0,0.2929350947731189
令和6年度,支援交付金,目標Ⅰ,介護予防/日常生活支援を推進する,目標Ⅰｰ（ⅱ）活動指標群,9 / 多様なサービスの実施状況 / ア / ③,221,1.0,0.0,0.2234348075818495,,0.41654734946067223,389.0,0.2234348075818495
令和6年度,支援交付金,目標Ⅰ,介護予防/日常生活支援を推進する,目標Ⅰｰ（ⅱ）活動指標群,9 / 多様なサービスの実施状況 / ア / ④,222,1.0,0.0,0.17805858701895463,,0.3825620558912867,310.0,0.17805858701895463
令和6年度,支援交付金,目標Ⅰ,介護予防/日常生活支援を推進する,目標Ⅰｰ（ⅱ）活動指標群,9 / 多様なサービスの実施状況 / イ / ①,223,1.0,0.0,0.1688684663986215,,0.3746356996534088,294.0,0.1688684663986215
令和6年度,支援交付金,目標Ⅰ,介護予防/日常生活支援を推進する,目標Ⅰｰ（ⅱ）活動指標群,9 / 多様なサービスの実施状況 / イ / ②,224,1.0,0.0,0.13383113153360138,,0.34047079135520164,233.0,0.13383113153360138
令和6年度,支援交付金,目標Ⅰ,介護予防/日常生活支援を推進する,目標Ⅰｰ（ⅱ）活動指標群,9 / 多様なサービスの実施状況 / イ / ③,225,1.0,0.0,0.0941987363584147,,0.29210500582306453,164.0,0.0941987363584147
令和6年度,支援交付金,目標Ⅰ,介護予防/日常生活支援を推進する,目標Ⅰｰ（ⅱ）活動指標群,9 / 多様なサービスの実施状況 / イ / ④,226,1.0,0.0,0.06031016657093624,,0.2380606023245387,105.0,0.06031016657093624
令和6年度,支援交付金,目標Ⅰ,介護予防/日常生活支援を推進する,目標Ⅰｰ（ⅱ）活動指標群,9 / 多様なサービスの実施状況 / ウ / ①,227,1.0,0.0,0.3084434233199311,,0.4618507095703252,537.0,0.3084434233199311
令和6年度,支援交付金,目標Ⅰ,介護予防/日常生活支援を推進する,目標Ⅰｰ（ⅱ）活動指標群,9 / 多様なサービスの実施状況 / ウ / ②,228,1.0,0.0,0.25962090752441125,,0.4384266094805519,452.0,0.25962090752441125
令和6年度,支援交付金,目標Ⅰ,介護予防/日常生活支援を推進する,目標Ⅰｰ（ⅱ）活動指標群,9 / 多様なサービスの実施状況 / ウ / ③,229,1.0,0.0,0.16025272831705917,,0.366840280481844,279.0,0.16025272831705917
令和6年度,支援交付金,目標Ⅰ,介護予防/日常生活支援を推進する,目標Ⅰｰ（ⅱ）活動指標群,9 / 多様なサービスの実施状況 / ウ / ④,230,1.0,0.0,0.03676048248133257,,0.1881731899317015,64.0,0.03676048248133257
令和6年度,支援交付金,目標Ⅰ,介護予防/日常生活支援を推進する,目標Ⅰｰ（ⅱ）活動指標群,9 / 多様なサービスの実施状況 / エ,231,1.0,0.0,0.01263641585295807,,0.11169931444440105,22.0,0.01263641585295807
令和6年度,支援交付金,目標Ⅰ,介護予防/日常生活支援を推進する,,Ⅰ（ⅰ） 計,232,52.0,12.0,31.41183228029868,33.0,13.968696361248412,,
令和6年度,支援交付金,目標Ⅰ,介護予防/日常生活支援を推進する,,Ⅰ（ⅱ） 計,233,48.0,15.0,20.10511200459506,20.0,6.470529866309973,,
令和6年度,支援交付金,目標Ⅰ,介護予防/日常生活支援を推進する,,Ⅰ 合計,234,100.0,27.0,51.51694428489374,52.0,17.355934453012747,,
令和6年度,支援交付金,目標Ⅱ,認知症総合支援を推進する,目標Ⅱｰ（ⅰ）体制・取組指標群,1 / 認知症初期集中支援チームの活動状況 / ア,235,5.0,5.0,4.675473865594486,,1.2317927829449986,1628.0,0.9350947731188972
令和6年度,支援交付金,目標Ⅱ,認知症総合支援を推進する,目標Ⅱｰ（ⅰ）体制・取組指標群,1 / 認知症初期集中支援チームの活動状況 / イ,236,5.0,5.0,4.506031016657094,,1.491924783697123,1569.0,0.9012062033314188
令和6年度,支援交付金,目標Ⅱ,認知症総合支援を推進する,目標Ⅱｰ（ⅰ）体制・取組指標群,1 / 認知症初期集中支援チームの活動状況 / ウ,237,5.0,5.0,4.264790350373349,,1.7707385519124819,1485.0,0.8529580700746697
令和6年度,支援交付金,目標Ⅱ,認知症総合支援を推進する,目標Ⅱｰ（ⅰ）体制・取組指標群,1 / 認知症初期集中支援チームの活動状況 / エ,238,5.0,5.0,3.736358414704193,,2.1728823876110126,1301.0,0.7472716829408386
令和6年度,支援交付金,目標Ⅱ,認知症総合支援を推進する,目標Ⅱｰ（ⅰ）体制・取組指標群,2 / 早期診断・早期対応の体制構築 / ア,239,4.0,4.0,3.7380815623205055,,0.9894809157944942,1627.0,0.9345203905801264
令和6年度,支援交付金,目標Ⅱ,認知症総合支援を推進する,目標Ⅱｰ（ⅰ）体制・取組指標群,2 / 早期診断・早期対応の体制構築 / イ,240,5.0,5.0,4.483055715106261,,1.5223304604403067,1561.0,0.8966111430212521
令和6年度,支援交付金,目標Ⅱ,認知症総合支援を推進する,目標Ⅱｰ（ⅰ）体制・取組指標群,2 / 早期診断・早期対応の体制構築 / ウ,241,5.0,0.0,2.6507754164273405,,2.4954492128274546,923.0,0.5301550832854681
令和6年度,支援交付金,目標Ⅱ,認知症総合支援を推進する,目標Ⅱｰ（ⅰ）体制・取組指標群,2 / 早期診断・早期対応の体制構築 / エ,242,5.0,0.0,2.8920160827110855,,2.4690733871021036,1007.0,0.5784032165422172
令和6年度,支援交付金,目標Ⅱ,認知症総合支援を推進する,目標Ⅱｰ（ⅰ）体制・取組指標群,3 / 認知症サポーター等を活用した地域支援体制の構築 / ア,243,5.0,0.0,3.351522113727743,,2.350512729136483,1167.0,0.6703044227455486
令和6年度,支援交付金,目標Ⅱ,認知症総合支援を推進する,目標Ⅱｰ（ⅰ）体制・取組指標群,3 / 認知症サポーター等を活用した地域支援体制の構築 / イ,244,5.0,0.0,3.2452613440551406,,2.3863330716932882,1130.0,0.6490522688110282
令和6年度,支援交付金,目標Ⅱ,認知症総合支援を推進する,目標Ⅱｰ（ⅰ）体制・取組指標群,3 / 認知症サポーター等を活用した地域支援体制の構築 / ウ,245,5.0,5.0,2.4583572659391155,,2.4996531524793464,856.0,0.49167145318782307
令和6年度,支援交付金,目標Ⅱ,認知症総合支援を推進する,目標Ⅱｰ（ⅰ）体制・取組指標群,3 / 認知症サポーター等を活用した地域支援体制の構築 / エ,246,5.0,0.0,1.5192418150488225,,2.2995898292198267,529.0,0.3038483630097645
令和6年度,支援交付金,目標Ⅱ,認知症総合支援を推進する,目標Ⅱｰ（ⅰ）体制・取組指標群,3 / 認知症サポーター等を活用した地域支援体制の構築 / オ,247,5.0,0.0,0.9161401493394601,,1.9342667792901713,319.0,0.18322802986789202
令和6年度,支援交付金,目標Ⅱ,認知症総合支援を推進する,目標Ⅱｰ（ⅱ）活動指標群,1 / 認知症サポーター数 / ア,248,3.0,0.0,2.097070649052269,,1.3760474701260499,1217.0,0.6990235496840896
令和6年度,支援交付金,目標Ⅱ,認知症総合支援を推進する,目標Ⅱｰ（ⅱ）活動指標群,1 / 認知症サポーター数 / イ,249,3.0,0.0,1.4974152785755313,,1.4999977730700662,869.0,0.4991384261918438
令和6年度,支援交付金,目標Ⅱ,認知症総合支援を推進する,目標Ⅱｰ（ⅱ）活動指標群,1 / 認知症サポーター数 / ウ,250,3.0,0.0,0.8994830557151062,,1.3745469797816057,522.0,0.2998276852383688
令和6年度,支援交付金,目標Ⅱ,認知症総合支援を推進する,目標Ⅱｰ（ⅱ）活動指標群,1 / 認知症サポーター数 / エ,251,3.0,0.0,0.2998276852383688,,0.8997702011512205,174.0,0.09994256174612291
令和6年度,支援交付金,目標Ⅱ,認知症総合支援を推進する,目標Ⅱｰ（ⅱ）活動指標群,2 / 認知症サポーターステップアップ講座修了者数 / ア,252,3.0,0.0,0.7392303273980471,,1.29276042066932,429.0,0.24641010913268235
令和6年度,支援交付金,目標Ⅱ,認知症総合支援を推進する,目標Ⅱｰ（ⅱ）活動指標群,2 / 認知症サポーターステップアップ講座修了者数 / イ,253,3.0,0.0,0.3687535898908673,,0.985028710046159,214.0,0.12291786329695577
令和6年度,支援交付金,目標Ⅱ,認知症総合支援を推進する,目標Ⅱｰ（ⅱ）活動指標群,2 / 認知症サポーターステップアップ講座修了者数 / ウ,254,3.0,0.0,0.2205628948879954,,0.7829691526890528,128.0,0.07352096496266514
令和6年度,支援交付金,目標Ⅱ,認知症総合支援を推進する,目標Ⅱｰ（ⅱ）活動指標群,2 / 認知症サポーターステップアップ講座修了者数 / エ,255,3.0,0.0,0.07237219988512349,,0.46030301361077164,42.0,0.024124066628374498
令和6年度,支援交付金,目標Ⅱ,認知症総合支援を推進する,目標Ⅱｰ（ⅱ）活動指標群,3 / 認知症地域支援推進員の業務の状況 / ア,256,3.0,3.0,2.3555427914991385,,1.2320903099667093,1367.0,0.7851809304997128
令和6年度,支援交付金,目標Ⅱ,認知症総合支援を推進する,目標Ⅱｰ（ⅱ）活動指標群,3 / 認知症地域支援推進員の業務の状況 / イ,257,3.0,3.0,1.8403216542217116,,1.4608836954623725,1068.0,0.6134405514072372
令和6年度,支援交付金,目標Ⅱ,認知症総合支援を推進する,目標Ⅱｰ（ⅱ）活動指標群,3 / 認知症地域支援推進員の業務の状況 / ウ,258,3.0,0.0,1.1355542791499138,,1.455053028777323,659.0,0.3785180930499713
令和6年度,支援交付金,目標Ⅱ,認知症総合支援を推進する,目標Ⅱｰ（ⅱ）活動指標群,3 / 認知症地域支援推進員の業務の状況 / エ,259,3.0,0.0,0.5582998276852383,,1.1675618979147737,324.0,0.1860999425617461
令和6年度,支援交付金,目標Ⅱ,認知症総合支援を推進する,,Ⅱ（ⅰ） 計,260,64.0,34.0,42.437105112004595,44.0,14.336891096079414,,
令和6年度,支援交付金,目標Ⅱ,認知症総合支援を推進する,,Ⅱ（ⅱ） 計,261,36.0,6.0,12.08443423319931,12.0,7.193341589343319,,
令和6年度,支援交付金,目標Ⅱ,認知症総合支援を推進する,,Ⅱ 合計,262,100.0,40.0,54.521539345203905,56.0,18.014424660527755,,
令和6年度,支援交付金,目標Ⅲ,在宅医療・在宅介護連携の体制を構築する,目標Ⅲｰ（ⅰ）体制・取組指標群,1 / 在宅医療・介護連携に関する課題・対応策の検討 / ア,263,5.0,5.0,2.794371051120046,,2.482608645006796,973.0,0.5588742102240092
令和6年度,支援交付金,目標Ⅲ,在宅医療・在宅介護連携の体制を構築する,目標Ⅲｰ（ⅰ）体制・取組指標群,1 / 在宅医療・介護連携に関する課題・対応策の検討 / イ,264,6.0,6.0,5.27972429638139,,1.9500915702828872,1532.0,0.8799540493968984
令和6年度,支援交付金,目標Ⅲ,在宅医療・在宅介護連携の体制を構築する,目標Ⅲｰ（ⅰ）体制・取組指標群,1 / 在宅医療・介護連携に関する課題・対応策の検討 / ウ,265,5.0,0.0,3.3486502010338888,,2.3515511553621664,1166.0,0.6697300402067777
令和6年度,支援交付金,目標Ⅲ,在宅医療・在宅介護連携の体制を構築する,目標Ⅲｰ（ⅰ）体制・取組指標群,1 / 在宅医療・介護連携に関する課題・対応策の検討 / エ,266,5.0,0.0,2.1711659965537047,,2.4782792817149324,756.0,0.43423319931074095
令和6年度,支援交付金,目標Ⅲ,在宅医療・在宅介護連携の体制を構築する,目標Ⅲｰ（ⅰ）体制・取組指標群,1 / 在宅医療・介護連携に関する課題・対応策の検討 / オ,267,5.0,0.0,2.291786329695577,,2.4913143253107104,798.0,0.45835726593911547
令和6年度,支援交付金,目標Ⅲ,在宅医療・在宅介護連携の体制を構築する,目標Ⅲｰ（ⅰ）体制・取組指標群,2 / 在宅医療・介護連携の具体的取組状況 / ア,268,5.0,5.0,4.549109707064905,,1.4321834409084537,1584.0,0.909821941412981
令和6年度,支援交付金,目標Ⅲ,在宅医療・在宅介護連携の体制を構築する,目標Ⅲｰ（ⅰ）体制・取組指標群,2 / 在宅医療・介護連携の具体的取組状況 / イ / ①,269,2.0,2.0,1.7702469844916715,,0.6377457039302474,1541.0,0.8851234922458358
令和6年度,支援交付金,目標Ⅲ,在宅医療・在宅介護連携の体制を構築する,目標Ⅲｰ（ⅰ）体制・取組指標群,2 / 在宅医療・介護連携の具体的取組状況 / イ / ②,270,2.0,2.0,1.5393452039058013,,0.8420847647498497,1340.0,0.7696726019529007
令和6年度,支援交付金,目標Ⅲ,在宅医療・在宅介護連携の体制を構築する,目標Ⅲｰ（ⅰ）体制・取組指標群,2 / 在宅医療・介護連携の具体的取組状況 / イ / ③,271,2.0,0.0,1.7242963813900059,,0.6894887612610835,1501.0,0.8621481906950029
令和6年度,支援交付金,目標Ⅲ,在宅医療・在宅介護連携の体制を構築する,目標Ⅲｰ（ⅰ）体制・取組指標群,2 / 在宅医療・介護連携の具体的取組状況 / ウ,272,5.0,0.0,3.658816771970132,,2.2152073692999315,1274.0,0.7317633543940264
令和6年度,支援交付金,目標Ⅲ,在宅医療・在宅介護連携の体制を構築する,目標Ⅲｰ（ⅰ）体制・取組指標群,2 / 在宅医療・介護連携の具体的取組状況 / エ,273,5.0,0.0,3.477886272257323,,2.3008125604948084,1211.0,0.6955772544514647
令和6年度,支援交付金,目標Ⅲ,在宅医療・在宅介護連携の体制を構築する,目標Ⅲｰ（ⅰ）体制・取組指標群,3 / 医療・介護関係者間の情報共有 / ア,274,5.0,5.0,4.563469270534176,,1.411415803213623,1589.0,0.9126938541068351
令和6年度,支援交付金,目標Ⅲ,在宅医療・在宅介護連携の体制を構築する,目標Ⅲｰ（ⅰ）体制・取組指標群,3 / 医療・介護関係者間の情報共有 / イ,275,6.0,6.0,5.186674325100517,,2.053887873265286,1505.0,0.8644457208500862
令和6年度,支援交付金,目標Ⅲ,在宅医療・在宅介護連携の体制を構築する,目標Ⅲｰ（ⅰ）体制・取組指標群,3 / 医療・介護関係者間の情報共有 / ウ,276,5.0,0.0,3.520964962665135,,2.282023344536637,1226.0,0.704192992533027
令和6年度,支援交付金,目標Ⅲ,在宅医療・在宅介護連携の体制を構築する,目標Ⅲｰ（ⅰ）体制・取組指標群,3 / 医療・介護関係者間の情報共有 / エ,277,5.0,0.0,3.4032165422171166,,2.3311370354111225,1185.0,0.6806433084434234
令和6年度,支援交付金,目標Ⅲ,在宅医療・在宅介護連携の体制を構築する,目標Ⅲｰ（ⅱ）活動指標群,1 / 入退院支援の実施状況 / ア / ①,278,2.0,2.0,1.3991958644457207,,0.9168656727184379,1218.0,0.6995979322228604
令和6年度,支援交付金,目標Ⅲ,在宅医療・在宅介護連携の体制を構築する,目標Ⅲｰ（ⅱ）活動指標群,1 / 入退院支援の実施状況 / ア / ②,279,2.0,2.0,0.9994256174612292,,0.9999998350423359,870.0,0.4997128087306146
令和6年度,支援交付金,目標Ⅲ,在宅医療・在宅介護連携の体制を構築する,目標Ⅲｰ（ⅱ）活動指標群,1 / 入退院支援の実施状況 / ア / ③,280,2.0,2.0,0.5996553704767376,,0.9163646531877371,522.0,0.2998276852383688
令和6年度,支援交付金,目標Ⅲ,在宅医療・在宅介護連携の体制を構築する,目標Ⅲｰ（ⅱ）活動指標群,1 / 入退院支援の実施状況 / ア / ④,281,2.0,0.0,0.19988512349224583,,0.5998468007674803,174.0,0.09994256174612291
令和6年度,支援交付金,目標Ⅲ,在宅医療・在宅介護連携の体制を構築する,目標Ⅲｰ（ⅱ）活動指標群,1 / 入退院支援の実施状況 / イ / ①,282,2.0,2.0,1.3991958644457207,,0.9168656727184379,1218.0,0.6995979322228604
令和6年度,支援交付金,目標Ⅲ,在宅医療・在宅介護連携の体制を構築する,目標Ⅲｰ（ⅱ）活動指標群,1 / 入退院支援の実施状況 / イ / ②,283,2.0,0.0,0.9994256174612292,,0.9999998350423359,870.0,0.4997128087306146
令和6年度,支援交付金,目標Ⅲ,在宅医療・在宅介護連携の体制を構築する,目標Ⅲｰ（ⅱ）活動指標群,1 / 入退院支援の実施状況 / イ / ③,284,2.0,0.0,0.5996553704767376,,0.9163646531877371,522.0,0.2998276852383688
令和6年度,支援交付金,目標Ⅲ,在宅医療・在宅介護連携の体制を構築する,目標Ⅲｰ（ⅱ）活動指標群,1 / 入退院支援の実施状況 / イ / ④,285,2.0,0.0,0.19988512349224583,,0.5998468007674803,174.0,0.09994256174612291
令和6年度,支援交付金,目標Ⅲ,在宅医療・在宅介護連携の体制を構築する,目標Ⅲｰ（ⅱ）活動指標群,2 / 人生の最終段階における支援の実施状況 / ア / ①,286,2.0,0.0,1.3991958644457207,,0.9168656727184379,1218.0,0.6995979322228604
令和6年度,支援交付金,目標Ⅲ,在宅医療・在宅介護連携の体制を構築する,目標Ⅲｰ（ⅱ）活動指標群,2 / 人生の最終段階における支援の実施状況 / ア / ②,287,2.0,0.0,0.9994256174612292,,0.9999998350423359,870.0,0.4997128087306146
令和6年度,支援交付金,目標Ⅲ,在宅医療・在宅介護連携の体制を構築する,目標Ⅲｰ（ⅱ）活動指標群,2 / 人生の最終段階における支援の実施状況 / ア / ③,288,2.0,0.0,0.5996553704767376,,0.9163646531877371,522.0,0.2998276852383688
令和6年度,支援交付金,目標Ⅲ,在宅医療・在宅介護連携の体制を構築する,目標Ⅲｰ（ⅱ）活動指標群,2 / 人生の最終段階における支援の実施状況 / ア / ④,289,2.0,0.0,0.19988512349224583,,0.5998468007674803,174.0,0.09994256174612291
令和6年度,支援交付金,目標Ⅲ,在宅医療・在宅介護連携の体制を構築する,目標Ⅲｰ（ⅱ）活動指標群,2 / 人生の最終段階における支援の実施状況 / イ / ①,290,2.0,0.0,1.3991958644457207,,0.9168656727184379,1218.0,0.6995979322228604
令和6年度,支援交付金,目標Ⅲ,在宅医療・在宅介護連携の体制を構築する,目標Ⅲｰ（ⅱ）活動指標群,2 / 人生の最終段階における支援の実施状況 / イ / ②,291,2.0,0.0,0.9994256174612292,,0.9999998350423359,870.0,0.4997128087306146
令和6年度,支援交付金,目標Ⅲ,在宅医療・在宅介護連携の体制を構築する,目標Ⅲｰ（ⅱ）活動指標群,2 / 人生の最終段階における支援の実施状況 / イ / ③,292,2.0,0.0,0.5996553704767376,,0.9163646531877371,522.0,0.2998276852383688
令和6年度,支援交付金,目標Ⅲ,在宅医療・在宅介護連携の体制を構築する,目標Ⅲｰ（ⅱ）活動指標群,2 / 人生の最終段階における支援の実施状況 / イ / ④,293,2.0,0.0,0.19988512349224583,,0.5998468007674803,174.0,0.09994256174612291
令和6年度,支援交付金,目標Ⅲ,在宅医療・在宅介護連携の体制を構築する,,Ⅲ（ⅰ） 計,294,68.0,31.0,49.27972429638139,53.0,17.852332802282064,,
令和6年度,支援交付金,目標Ⅲ,在宅医療・在宅介護連携の体制を構築する,,Ⅲ（ⅱ） 計,295,32.0,8.0,12.792647903503733,12.0,7.114156789088821,,
令和6年度,支援交付金,目標Ⅲ,在宅医療・在宅介護連携の体制を構築する,,Ⅲ 合計,296,100.0,39.0,62.07237219988512,66.0,20.806221194169524,,
令和6年度,支援交付金,目標Ⅳ,高齢者がその状況に応じて可能な限り自立した日常生活を営む,成果指標群,1 / 短期的な要介護度の変化（要介護１・２） / ア / ①,297,5.0,5.0,2.1395749569213094,,2.473882331138998,745.0,0.4279149913842619
令和6年度,支援交付金,目標Ⅳ,高齢者がその状況に応じて可能な限り自立した日常生活を営む,成果指標群,1 / 短期的な要介護度の変化（要介護１・２） / ア / ②,298,5.0,5.0,1.7231476163124642,,2.3762365989015053,600.0,0.3446295232624928
令和6年度,支援交付金,目標Ⅳ,高齢者がその状況に応じて可能な限り自立した日常生活を営む,成果指標群,1 / 短期的な要介護度の変化（要介護１・２） / ア / ③,299,5.0,5.0,1.1774842044801839,,2.121544713316358,410.0,0.23549684089603676
令和6年度,支援交付金,目標Ⅳ,高齢者がその状況に応じて可能な限り自立した日常生活を営む,成果指標群,1 / 短期的な要介護度の変化（要介護１・２） / ア / ④,300,5.0,0.0,0.4595060310166571,,1.4444321938196354,160.0,0.09190120620333142
令和6年度,支援交付金,目標Ⅳ,高齢者がその状況に応じて可能な限り自立した日常生活を営む,成果指標群,1 / 短期的な要介護度の変化（要介護１・２） / イ / ①,301,5.0,0.0,1.9730040206777715,,2.44382389663785,687.0,0.39460080413555426
令和6年度,支援交付金,目標Ⅳ,高齢者がその状況に応じて可能な限り自立した日常生活を営む,成果指標群,1 / 短期的な要介護度の変化（要介護１・２） / イ / ②,302,5.0,0.0,1.6542217116599656,,2.352585617352236,576.0,0.3308443423319931
令和6年度,支援交付金,目標Ⅳ,高齢者がその状況に応じて可能な限り自立した日常生活を営む,成果指標群,1 / 短期的な要介護度の変化（要介護１・２） / イ / ③,303,5.0,0.0,1.1401493394600803,,2.0978098534016723,397.0,0.22802986789201607
令和6年度,支援交付金,目標Ⅳ,高齢者がその状況に応じて可能な限り自立した日常生活を営む,成果指標群,1 / 短期的な要介護度の変化（要介護１・２） / イ / ④,304,5.0,0.0,0.44514646754738657,,1.423930110703126,155.0,0.08902929350947732
令和6年度,支援交付金,目標Ⅳ,高齢者がその状況に応じて可能な限り自立した日常生活を営む,成果指標群,2 / 長期的な要介護度の変化（要介護１・２） / ア,305,5.0,5.0,3.55255600229753,,2.267625600055583,1237.0,0.710511200459506
令和6年度,支援交付金,目標Ⅳ,高齢者がその状況に応じて可能な限り自立した日常生活を営む,成果指標群,2 / 長期的な要介護度の変化（要介護１・２） / イ,306,5.0,0.0,2.498564043653073,,2.49999958760584,870.0,0.4997128087306146
令和6年度,支援交付金,目標Ⅳ,高齢者がその状況に応じて可能な限り自立した日常生活を営む,成果指標群,2 / 長期的な要介護度の変化（要介護１・２） / ウ,307,5.0,0.0,1.4991384261918437,,2.2909116329693426,522.0,0.2998276852383688
令和6年度,支援交付金,目標Ⅳ,高齢者がその状況に応じて可能な限り自立した日常生活を営む,成果指標群,2 / 長期的な要介護度の変化（要介護１・２） / エ,308,5.0,0.0,0.5054566341183228,,1.507248075672147,176.0,0.10109132682366456
令和6年度,支援交付金,目標Ⅳ,高齢者がその状況に応じて可能な限り自立した日常生活を営む,成果指標群,3 / 短期的な要介護度の変化（要介護３～５） / ア / ①,309,5.0,0.0,2.1711659965537047,,2.4782792817149324,756.0,0.43423319931074095
令和6年度,支援交付金,目標Ⅳ,高齢者がその状況に応じて可能な限り自立した日常生活を営む,成果指標群,3 / 短期的な要介護度の変化（要介護３～５） / ア / ②,310,5.0,0.0,1.717403790924756,,2.374351105784706,598.0,0.34348075818495116
令和6年度,支援交付金,目標Ⅳ,高齢者がその状況に応じて可能な限り自立した日常生活を営む,成果指標群,3 / 短期的な要介護度の変化（要介護３～５） / ア / ③,311,5.0,0.0,1.1430212521539345,,2.099668706699732,398.0,0.22860425043078691
令和6年度,支援交付金,目標Ⅳ,高齢者がその状況に応じて可能な限り自立した日常生活を営む,成果指標群,3 / 短期的な要介護度の変化（要介護３～５） / ア / ④,312,5.0,0.0,0.40781160252728316,,1.3684837264215257,142.0,0.08156232050545663
令和6年度,支援交付金,目標Ⅳ,高齢者がその状況に応じて可能な限り自立した日常生活を営む,成果指標群,3 / 短期的な要介護度の変化（要介護３～５） / イ / ①,313,5.0,5.0,1.9184376794945435,,2.4314163089377163,668.0,0.3836875358989087
令和6年度,支援交付金,目標Ⅳ,高齢者がその状況に応じて可能な限り自立した日常生活を営む,成果指標群,3 / 短期的な要介護度の変化（要介護３～５） / イ / ②,314,5.0,5.0,1.4704192992533027,,2.278149156804694,512.0,0.29408385985066055
令和6年度,支援交付金,目標Ⅳ,高齢者がその状況に応じて可能な限り自立した日常生活を営む,成果指標群,3 / 短期的な要介護度の変化（要介護３～５） / イ / ③,315,5.0,5.0,0.9850660539919587,,1.9887119296752118,343.0,0.19701321079839174
令和6年度,支援交付金,目標Ⅳ,高齢者がその状況に応じて可能な限り自立した日常生活を営む,成果指標群,3 / 短期的な要介護度の変化（要介護３～５） / イ / ④,316,5.0,5.0,0.36473291211947156,,1.3002440014913383,127.0,0.07294658242389432
令和6年度,支援交付金,目標Ⅳ,高齢者がその状況に応じて可能な限り自立した日常生活を営む,成果指標群,4 / 長期的な要介護度の変化（要介護３～５） / ア,317,5.0,5.0,3.497989661114302,,2.2921641817960947,1218.0,0.6995979322228604
令和6年度,支援交付金,目標Ⅳ,高齢者がその状況に応じて可能な限り自立した日常生活を営む,成果指標群,4 / 長期的な要介護度の変化（要介護３～５） / イ,318,5.0,5.0,2.498564043653073,,2.49999958760584,870.0,0.4997128087306146
令和6年度,支援交付金,目標Ⅳ,高齢者がその状況に応じて可能な限り自立した日常生活を営む,成果指標群,4 / 長期的な要介護度の変化（要介護３～５） / ウ,319,5.0,5.0,1.4991384261918437,,2.2909116329693426,522.0,0.2998276852383688
令和6年度,支援交付金,目標Ⅳ,高齢者がその状況に応じて可能な限り自立した日常生活を営む,成果指標群,4 / 長期的な要介護度の変化（要介護３～５） / エ,320,5.0,0.0,0.4997128087306146,,1.499617001918701,174.0,0.09994256174612291
令和6年度,支援交付金,目標Ⅳ,高齢者がその状況に応じて可能な限り自立した日常生活を営む,成果指標群,5 / 健康寿命延伸の状況 / ア / ①,321,5.0,5.0,2.2142446869615164,,2.483615087140171,771.0,0.4428489373923033
令和6年度,支援交付金,目標Ⅳ,高齢者がその状況に応じて可能な限り自立した日常生活を営む,成果指標群,5 / 健康寿命延伸の状況 / ア / ②,322,5.0,5.0,1.797817346352671,,2.3993623154740082,626.0,0.3595634692705342
令和6年度,支援交付金,目標Ⅳ,高齢者がその状況に応じて可能な限り自立した日常生活を営む,成果指標群,5 / 健康寿命延伸の状況 / ア / ③,323,5.0,0.0,1.2693854106835152,,2.1761405590084064,442.0,0.25387708213670307
令和6年度,支援交付金,目標Ⅳ,高齢者がその状況に応じて可能な限り自立した日常生活を営む,成果指標群,5 / 健康寿命延伸の状況 / ア / ④,324,5.0,0.0,0.44514646754738657,,1.423930110703126,155.0,0.08902929350947732
令和6年度,支援交付金,目標Ⅳ,高齢者がその状況に応じて可能な限り自立した日常生活を営む,成果指標群,5 / 健康寿命延伸の状況 / イ / ①,325,5.0,0.0,2.334865020103389,,2.4945401256372977,813.0,0.46697300402067776
令和6年度,支援交付金,目標Ⅳ,高齢者がその状況に応じて可能な限り自立した日常生活を営む,成果指標群,5 / 健康寿命延伸の状況 / イ / ②,326,5.0,0.0,1.8638713383113152,,2.417713863503736,649.0,0.37277426766226307
令和6年度,支援交付金,目標Ⅳ,高齢者がその状況に応じて可能な限り自立した日常生活を営む,成果指標群,5 / 健康寿命延伸の状況 / イ / ③,327,5.0,0.0,1.2837449741527858,,2.184198643004201,447.0,0.25674899483055713
令和6年度,支援交付金,目標Ⅳ,高齢者がその状況に応じて可能な限り自立した日常生活を営む,成果指標群,5 / 健康寿命延伸の状況 / イ / ④,328,5.0,0.0,0.456634118322803,,1.4403665761178892,159.0,0.0913268236645606
令和6年度,支援交付金,,,,Ⅳ 合計,329,100.0,65.0,48.60712234348076,50.0,17.365173933969167,,
令和6年度,支援交付金,,,,支援合計,330,400.0,171.0,216.71797817346354,222.0,48.31335901155518,,
令和6年度,推進交付金,,,,推進・支援合計,331,800.0,295.0,422.35496840896036,428.0,95.90812851462101,,
令和7年度,推進交付金,目標Ⅰ,持続可能な地域のあるべき姿をかたちにする,（ⅰ）体制・取組指標群,1 / 地域の介護保険事業の特徴 / ア,15,4.0,4.0,3.896611143021252,,0.6347173955136407,1696.0,0.974152785755313
令和7年度,推進交付金,目標Ⅰ,持続可能な地域のあるべき姿をかたちにする,（ⅰ）体制・取組指標群,1 / 地域の介護保険事業の特徴 / イ,16,4.0,4.0,3.7541642734060883,,0.9606808533044102,1634.0,0.9385410683515221
令和7年度,推進交付金,目標Ⅰ,持続可能な地域のあるべき姿をかたちにする,（ⅰ）体制・取組指標群,1 / 地域の介護保険事業の特徴 / ウ,17,4.0,4.0,3.763354394026422,,0.9437061412684096,1638.0,0.9408385985066055
令和7年度,推進交付金,目標Ⅰ,持続可能な地域のあるべき姿をかたちにする,（ⅰ）体制・取組指標群,1 / 地域の介護保険事業の特徴 / エ,18,4.0,0.0,2.979896611143021,,1.7435029771900084,1297.0,0.7449741527857553
令和7年度,推進交付金,目標Ⅰ,持続可能な地域のあるべき姿をかたちにする,（ⅰ）体制・取組指標群,2 / 事業計画の進捗状況 / ア,19,4.0,0.0,3.8207926479035037,,0.8274745514760846,1663.0,0.9551981619758759
令和7年度,推進交付金,目標Ⅰ,持続可能な地域のあるべき姿をかたちにする,（ⅰ）体制・取組指標群,2 / 事業計画の進捗状況 / イ,20,4.0,0.0,3.4003446295232624,,1.4279477996640342,1480.0,0.8500861573808156
令和7年度,推進交付金,目標Ⅰ,持続可能な地域のあるべき姿をかたちにする,（ⅰ）体制・取組指標群,2 / 事業計画の進捗状況 / ウ,21,4.0,0.0,2.791499138426192,,1.836716938962179,1215.0,0.697874784606548
令和7年度,推進交付金,目標Ⅰ,持続可能な地域のあるべき姿をかたちにする,（ⅰ）体制・取組指標群,2 / 事業計画の進捗状況 / エ,22,4.0,0.0,2.5847214244686962,,1.9126162332698369,1125.0,0.6461803561171741
令和7年度,推進交付金,目標Ⅰ,持続可能な地域のあるべき姿をかたちにする,（ⅰ）体制・取組指標群,3 / 施策の実施状況の把握・改善 / ア / ①,23,1.0,0.0,0.9408385985066055,,0.2359265353171024,1638.0,0.9408385985066055
令和7年度,推進交付金,目標Ⅰ,持続可能な地域のあるべき姿をかたちにする,（ⅰ）体制・取組指標群,3 / 施策の実施状況の把握・改善 / ア / ②,24,1.0,0.0,0.9620907524411257,,0.1909767957328696,1675.0,0.9620907524411257
令和7年度,推進交付金,目標Ⅰ,持続可能な地域のあるべき姿をかたちにする,（ⅰ）体制・取組指標群,3 / 施策の実施状況の把握・改善 / ア / ③,25,1.0,0.0,0.9396898334290638,,0.2380606023245387,1636.0,0.9396898334290638
令和7年度,推進交付金,目標Ⅰ,持続可能な地域のあるべき姿をかたちにする,（ⅰ）体制・取組指標群,3 / 施策の実施状況の把握・改善 / ア / ④,26,1.0,0.0,0.887421022400919,,0.31607744525958603,1545.0,0.887421022400919
令和7年度,推進交付金,目標Ⅰ,持続可能な地域のあるべき姿をかたちにする,（ⅰ）体制・取組指標群,3 / 施策の実施状況の把握・改善 / イ / ①,27,1.0,0.0,0.8116025272831706,,0.39102923802542044,1413.0,0.8116025272831706
令和7年度,推進交付金,目標Ⅰ,持続可能な地域のあるべき姿をかたちにする,（ⅰ）体制・取組指標群,3 / 施策の実施状況の把握・改善 / イ / ②,28,1.0,0.0,0.8931648477886273,,0.3089035488034179,1555.0,0.8931648477886273
令和7年度,推進交付金,目標Ⅰ,持続可能な地域のあるべき姿をかたちにする,（ⅰ）体制・取組指標群,3 / 施策の実施状況の把握・改善 / イ / ③,29,1.0,0.0,0.8621481906950029,,0.34474438063054175,1501.0,0.8621481906950029
令和7年度,推進交付金,目標Ⅰ,持続可能な地域のあるべき姿をかたちにする,（ⅰ）体制・取組指標群,3 / 施策の実施状況の把握・改善 / イ / ④,30,1.0,0.0,0.7800114876507754,,0.41423853850601544,1358.0,0.7800114876507754
令和7年度,推進交付金,目標Ⅰ,持続可能な地域のあるべき姿をかたちにする,（ⅰ）体制・取組指標群,3 / 施策の実施状況の把握・改善 / ウ / ①,31,1.0,0.0,0.7708213670304422,,0.42030439821605775,1342.0,0.7708213670304422
令和7年度,推進交付金,目標Ⅰ,持続可能な地域のあるべき姿をかたちにする,（ⅰ）体制・取組指標群,3 / 施策の実施状況の把握・改善 / ウ / ②,32,1.0,0.0,0.8523836875358989,,0.3547192365217905,1484.0,0.8523836875358989
令和7年度,推進交付金,目標Ⅰ,持続可能な地域のあるべき姿をかたちにする,（ⅰ）体制・取組指標群,3 / 施策の実施状況の把握・改善 / ウ / ③,33,1.0,0.0,0.8265364732912119,,0.3786475031088118,1439.0,0.8265364732912119
令和7年度,推進交付金,目標Ⅰ,持続可能な地域のあるべき姿をかたちにする,（ⅰ）体制・取組指標群,3 / 施策の実施状況の把握・改善 / ウ / ④,34,1.0,0.0,0.7501435956346927,,0.43292976516167997,1306.0,0.7501435956346927
令和7年度,推進交付金,目標Ⅰ,持続可能な地域のあるべき姿をかたちにする,（ⅰ）体制・取組指標群,3 / 施策の実施状況の把握・改善 / エ / ①,35,1.0,0.0,0.6318207926479035,,0.48231035508858655,1100.0,0.6318207926479035
令和7年度,推進交付金,目標Ⅰ,持続可能な地域のあるべき姿をかたちにする,（ⅰ）体制・取組指標群,3 / 施策の実施状況の把握・改善 / エ / ②,36,1.0,0.0,0.6886846639862149,,0.4630314218024617,1199.0,0.6886846639862149
令和7年度,推進交付金,目標Ⅰ,持続可能な地域のあるべき姿をかたちにする,（ⅰ）体制・取組指標群,3 / 施策の実施状況の把握・改善 / エ / ③,37,1.0,0.0,0.6812176909821941,,0.46600445113226335,1186.0,0.6812176909821941
令和7年度,推進交付金,目標Ⅰ,持続可能な地域のあるべき姿をかたちにする,（ⅰ）体制・取組指標群,3 / 施策の実施状況の把握・改善 / エ / ④,38,1.0,0.0,0.6329695577254452,,0.4819949135813567,1102.0,0.6329695577254452
令和7年度,推進交付金,目標Ⅰ,持続可能な地域のあるべき姿をかたちにする,（ⅰ）体制・取組指標群,4 / 評価結果の活用 / ア,39,4.0,0.0,3.090178058587019,,1.676756333095372,1345.0,0.7725445146467548
令和7年度,推進交付金,目標Ⅰ,持続可能な地域のあるべき姿をかたちにする,（ⅰ）体制・取組指標群,4 / 評価結果の活用 / イ,40,4.0,0.0,2.2883400344629523,,1.9791058649111986,996.0,0.5720850086157381
令和7年度,推進交付金,目標Ⅰ,持続可能な地域のあるべき姿をかたちにする,（ⅰ）体制・取組指標群,4 / 評価結果の活用 / ウ,41,4.0,0.0,2.534175761056864,,1.9273443533264418,1103.0,0.633543940264216
令和7年度,推進交付金,目標Ⅰ,持続可能な地域のあるべき姿をかたちにする,（ⅰ）体制・取組指標群,4 / 評価結果の活用 / エ,42,4.0,0.0,1.6358414704192992,,1.9665677118608507,712.0,0.4089603676048248
令和7年度,推進交付金,目標Ⅰ,持続可能な地域のあるべき姿をかたちにする,（ⅱ）活動指標群,1 / 今年度の評価点 / ア,43,3.0,0.0,2.105686387133831,,1.372276940140279,1222.0,0.7018954623779438
令和7年度,推進交付金,目標Ⅰ,持続可能な地域のあるべき姿をかたちにする,（ⅱ）活動指標群,1 / 今年度の評価点 / イ,44,3.0,0.0,1.5094773118897185,,1.4999700598876449,876.0,0.5031591039632395
令和7年度,推進交付金,目標Ⅰ,持続可能な地域のあるべき姿をかたちにする,（ⅱ）活動指標群,1 / 今年度の評価点 / ウ,45,3.0,0.0,0.9115450890292935,,1.3797538975318961,529.0,0.3038483630097645
令和7年度,推進交付金,目標Ⅰ,持続可能な地域のあるべき姿をかたちにする,（ⅱ）活動指標群,1 / 今年度の評価点 / エ,46,3.0,0.0,0.3032739804709937,,0.9043488454032881,176.0,0.10109132682366456
令和7年度,推進交付金,目標Ⅰ,持続可能な地域のあるべき姿をかたちにする,（ⅱ）活動指標群,2 / 後期高齢者と給付費の伸び率比較 / ア,47,3.0,3.0,2.095347501435956,,1.3767938671180824,1216.0,0.6984491671453188
令和7年度,推進交付金,目標Ⅰ,持続可能な地域のあるべき姿をかたちにする,（ⅱ）活動指標群,2 / 後期高齢者と給付費の伸び率比較 / イ,48,3.0,3.0,1.4974152785755313,,1.4999977730700662,869.0,0.4991384261918438
令和7年度,推進交付金,目標Ⅰ,持続可能な地域のあるべき姿をかたちにする,（ⅱ）活動指標群,2 / 後期高齢者と給付費の伸び率比較 / ウ,49,3.0,3.0,0.8977599080987938,,1.3737928780230397,521.0,0.29925330269959793
令和7年度,推進交付金,目標Ⅰ,持続可能な地域のあるべき姿をかたちにする,（ⅱ）活動指標群,2 / 後期高齢者と給付費の伸び率比較 / エ,50,3.0,0.0,0.2981045376220563,,0.8974671567892102,173.0,0.0993681792073521
令和7年度,推進交付金,目標Ⅰ,持続可能な地域のあるべき姿をかたちにする,（ⅱ）活動指標群,3 / PFS委託事業数 / ア,51,3.0,0.0,0.13957495692130958,,0.6318573432067901,81.0,0.04652498564043653
令和7年度,推進交付金,目標Ⅰ,持続可能な地域のあるべき姿をかたちにする,（ⅱ）活動指標群,3 / PFS委託事業数 / イ,52,3.0,0.0,0.13957495692130958,,0.6318573432067901,81.0,0.04652498564043653
令和7年度,推進交付金,目標Ⅰ,持続可能な地域のあるべき姿をかたちにする,（ⅱ）活動指標群,3 / PFS委託事業数 / ウ,53,3.0,0.0,0.04135554279149914,,0.3497947218797303,24.0,0.013785180930499713
令和7年度,推進交付金,目標Ⅰ,持続可能な地域のあるべき姿をかたちにする,（ⅱ）活動指標群,3 / PFS委託事業数 / エ,54,3.0,0.0,0.015508328546812177,,0.21513827503752248,9.0,0.005169442848937392
令和7年度,推進交付金,目標Ⅰ,持続可能な地域のあるべき姿をかたちにする,,Ⅰ（ⅰ） 計,55,64.0,12.0,49.451464675473865,52.0,14.06216502599475,,
令和7年度,推進交付金,目標Ⅰ,持続可能な地域のあるべき姿をかたちにする,,Ⅰ（ⅱ） 計,56,36.0,9.0,9.954623779437105,9.0,6.383107700522585,,
令和7年度,推進交付金,目標Ⅰ,持続可能な地域のあるべき姿をかたちにする,,Ⅰ 合計,57,100.0,21.0,59.40608845491097,62.0,18.01687089040255,,
令和7年度,推進交付金,目標Ⅱ,公正・公平な給付を行う体制を構築する,（ⅰ）体制・取組指標群,1 / 給付費適正化方策の策定状況 / ア,58,8.0,8.0,6.837449741527857,,2.819375633771331,1488.0,0.8546812176909822
令和7年度,推進交付金,目標Ⅱ,公正・公平な給付を行う体制を構築する,（ⅰ）体制・取組指標群,1 / 給付費適正化方策の策定状況 / イ,59,8.0,8.0,6.543365881677197,,3.087278735702427,1424.0,0.8179207352096496
令和7年度,推進交付金,目標Ⅱ,公正・公平な給付を行う体制を構築する,（ⅰ）体制・取組指標群,1 / 給付費適正化方策の策定状況 / ウ,60,8.0,0.0,5.656519241815049,,3.6408713244904023,1231.0,0.7070649052268811
令和7年度,推進交付金,目標Ⅱ,公正・公平な給付を行う体制を構築する,（ⅰ）体制・取組指標群,1 / 給付費適正化方策の策定状況 / エ,61,8.0,0.0,4.480183802412407,,3.9710733455705354,975.0,0.5600229753015509
令和7年度,推進交付金,目標Ⅱ,公正・公平な給付を行う体制を構築する,（ⅰ）体制・取組指標群,2 / 給付費適正化事業の取組状況 / ア,62,6.0,6.0,5.713957495692131,,1.2784501208793784,1658.0,0.9523262492820218
令和7年度,推進交付金,目標Ⅱ,公正・公平な給付を行う体制を構築する,（ⅰ）体制・取組指標群,2 / 給付費適正化事業の取組状況 / イ / ①,63,2.0,2.0,1.9138426191843767,,0.40606855007774006,1666.0,0.9569213095921884
令和7年度,推進交付金,目標Ⅱ,公正・公平な給付を行う体制を構築する,（ⅰ）体制・取組指標群,2 / 給付費適正化事業の取組状況 / イ / ②,64,2.0,2.0,1.874784606547961,,0.4845120144503428,1632.0,0.9373923032739805
令和7年度,推進交付金,目標Ⅱ,公正・公平な給付を行う体制を構築する,（ⅰ）体制・取組指標群,2 / 給付費適正化事業の取組状況 / イ / ③,65,2.0,2.0,1.781734635267088,,0.6236112250624046,1551.0,0.890867317633544
令和7年度,推進交付金,目標Ⅱ,公正・公平な給付を行う体制を構築する,（ⅰ）体制・取組指標群,2 / 給付費適正化事業の取組状況 / ウ,66,8.0,0.0,4.4480183802412405,,3.974830755009075,968.0,0.5560022975301551
令和7年度,推進交付金,目標Ⅱ,公正・公平な給付を行う体制を構築する,（ⅰ）体制・取組指標群,2 / 給付費適正化事業の取組状況 / エ,67,8.0,0.0,3.322228604250431,,3.9421600595490385,723.0,0.4152785755313039
令和7年度,推進交付金,目標Ⅱ,公正・公平な給付を行う体制を構築する,（ⅰ）体制・取組指標群,2 / 給付費適正化事業の取組状況 / オ,68,8.0,8.0,4.765077541642734,,3.9261503225518393,1037.0,0.5956346927053418
令和7年度,推進交付金,目標Ⅱ,公正・公平な給付を行う体制を構築する,（ⅱ）活動指標群,1 / ケアプラン点検の実施状況 / ア,69,4.0,0.0,2.7983917288914415,,1.8337313454368758,1218.0,0.6995979322228604
令和7年度,推進交付金,目標Ⅱ,公正・公平な給付を行う体制を構築する,（ⅱ）活動指標群,1 / ケアプラン点検の実施状況 / イ,70,4.0,0.0,1.9988512349224583,,1.9999996700846718,870.0,0.4997128087306146
令和7年度,推進交付金,目標Ⅱ,公正・公平な給付を行う体制を構築する,（ⅱ）活動指標群,1 / ケアプラン点検の実施状況 / ウ,71,4.0,0.0,1.1993107409534751,,1.8327293063754742,522.0,0.2998276852383688
令和7年度,推進交付金,目標Ⅱ,公正・公平な給付を行う体制を構築する,（ⅱ）活動指標群,1 / ケアプラン点検の実施状況 / エ,72,4.0,0.0,0.39977024698449165,,1.1996936015349606,174.0,0.09994256174612291
令和7年度,推進交付金,目標Ⅱ,公正・公平な給付を行う体制を構築する,（ⅱ）活動指標群,2 / 医療情報との突合の実施状況 / ア,73,4.0,4.0,2.9178632969557725,,1.7769431527489785,1270.0,0.7294658242389431
令和7年度,推進交付金,目標Ⅱ,公正・公平な給付を行う体制を構築する,（ⅱ）活動指標群,2 / 医療情報との突合の実施状況 / イ,74,4.0,4.0,2.9178632969557725,,1.7769431527489785,1270.0,0.7294658242389431
令和7年度,推進交付金,目標Ⅱ,公正・公平な給付を行う体制を構築する,（ⅱ）活動指標群,2 / 医療情報との突合の実施状況 / ウ,75,4.0,4.0,2.9178632969557725,,1.7769431527489785,1270.0,0.7294658242389431
令和7年度,推進交付金,目標Ⅱ,公正・公平な給付を行う体制を構築する,（ⅱ）活動指標群,2 / 医療情報との突合の実施状況 / エ,76,4.0,4.0,2.9178632969557725,,1.7769431527489785,1270.0,0.7294658242389431
令和7年度,推進交付金,目標Ⅱ,公正・公平な給付を行う体制を構築する,,Ⅱ（ⅰ） 計,77,68.0,36.0,47.33716255025847,52.0,17.3708921826963,,
令和7年度,推進交付金,目標Ⅱ,公正・公平な給付を行う体制を構築する,,Ⅱ（ⅱ） 計,78,32.0,16.0,18.067777139574957,20.0,9.47792872168084,,
令和7年度,推進交付金,目標Ⅱ,公正・公平な給付を行う体制を構築する,,Ⅱ 合計,79,100.0,52.0,65.40493968983343,68.0,21.024636372326423,,
令和7年度,推進交付金,目標Ⅲ,介護人材の確保その他のサービス提供基盤の整備を推進する,（ⅰ）体制・取組指標群,1 / 介護人材の確保・定着の取組状況 / ア,80,6.0,6.0,4.621481906950029,,2.524043665516446,1341.0,0.7702469844916715
令和7年度,推進交付金,目標Ⅲ,介護人材の確保その他のサービス提供基盤の整備を推進する,（ⅰ）体制・取組指標群,1 / 介護人材の確保・定着の取組状況 / イ,81,6.0,6.0,4.1527857553130385,,2.769672363718739,1205.0,0.6921309592188397
令和7年度,推進交付金,目標Ⅲ,介護人材の確保その他のサービス提供基盤の整備を推進する,（ⅰ）体制・取組指標群,1 / 介護人材の確保・定着の取組状況 / ウ,82,6.0,0.0,4.221711659965537,,2.739967266210356,1225.0,0.7036186099942562
令和7年度,推進交付金,目標Ⅲ,介護人材の確保その他のサービス提供基盤の整備を推進する,（ⅰ）体制・取組指標群,1 / 介護人材の確保・定着の取組状況 / エ,83,6.0,0.0,3.1326823664560597,,2.997064462041419,909.0,0.5221137277426766
令和7年度,推進交付金,目標Ⅲ,介護人材の確保その他のサービス提供基盤の整備を推進する,（ⅰ）体制・取組指標群,1 / 介護人材の確保・定着の取組状況 / オ,84,6.0,0.0,1.1200459506031017,,2.3378992219846015,325.0,0.18667432510051696
令和7年度,推進交付金,目標Ⅲ,介護人材の確保その他のサービス提供基盤の整備を推進する,（ⅰ）体制・取組指標群,2 / 庁内・庁外における連携体制 / ア,85,6.0,0.0,4.8385985066054,,2.370560172513745,1404.0,0.8064330844342332
令和7年度,推進交付金,目標Ⅲ,介護人材の確保その他のサービス提供基盤の整備を推進する,（ⅰ）体制・取組指標群,2 / 庁内・庁外における連携体制 / イ,86,6.0,0.0,5.176335439402642,,2.064839958737749,1502.0,0.8627225732337737
令和7年度,推進交付金,目標Ⅲ,介護人材の確保その他のサービス提供基盤の整備を推進する,（ⅰ）体制・取組指標群,2 / 庁内・庁外における連携体制 / ウ / ①,87,2.0,0.0,1.4302125215393453,,0.9027276368377998,1245.0,0.7151062607696727
令和7年度,推進交付金,目標Ⅲ,介護人材の確保その他のサービス提供基盤の整備を推進する,（ⅰ）体制・取組指標群,2 / 庁内・庁外における連携体制 / ウ / ②,88,2.0,0.0,1.4945433658816771,,0.869152955044405,1301.0,0.7472716829408386
令和7年度,推進交付金,目標Ⅲ,介護人材の確保その他のサービス提供基盤の整備を推進する,（ⅰ）体制・取組指標群,2 / 庁内・庁外における連携体制 / ウ / ③,89,2.0,0.0,1.5163699023549684,,0.8563656485064779,1320.0,0.7581849511774842
令和7年度,推進交付金,目標Ⅲ,介護人材の確保その他のサービス提供基盤の整備を推進する,（ⅰ）体制・取組指標群,2 / 庁内・庁外における連携体制 / ウ / ④,90,2.0,0.0,1.5347501435956348,,0.8450102271123399,1336.0,0.7673750717978174
令和7年度,推進交付金,目標Ⅲ,介護人材の確保その他のサービス提供基盤の整備を推進する,（ⅰ）体制・取組指標群,2 / 庁内・庁外における連携体制 / ウ / ⑤,91,2.0,0.0,1.086731763354394,,0.9962317005724308,946.0,0.543365881677197
令和7年度,推進交付金,目標Ⅲ,介護人材の確保その他のサービス提供基盤の整備を推進する,（ⅰ）体制・取組指標群,2 / 庁内・庁外における連携体制 / エ,92,6.0,0.0,2.2159678345778286,,2.8957371364789695,643.0,0.36932797242963816
令和7年度,推進交付金,目標Ⅲ,介護人材の確保その他のサービス提供基盤の整備を推進する,（ⅰ）体制・取組指標群,2 / 庁内・庁外における連携体制 / オ,93,6.0,0.0,2.3159103963239516,,2.920962412312481,672.0,0.38598506605399197
令和7年度,推進交付金,目標Ⅲ,介護人材の確保その他のサービス提供基盤の整備を推進する,（ⅱ）活動指標群,1 / 介護の仕事の魅力に関する研修の実施状況 / ア,94,3.0,0.0,0.9339460080413555,,1.3890942654073852,542.0,0.3113153360137852
令和7年度,推進交付金,目標Ⅲ,介護人材の確保その他のサービス提供基盤の整備を推進する,（ⅱ）活動指標群,1 / 介護の仕事の魅力に関する研修の実施状況 / イ,95,3.0,0.0,0.46697300402067776,,1.0875914791767805,271.0,0.1556576680068926
令和7年度,推進交付金,目標Ⅲ,介護人材の確保その他のサービス提供基盤の整備を推進する,（ⅱ）活動指標群,1 / 介護の仕事の魅力に関する研修の実施状況 / ウ,96,3.0,0.0,0.27914991384261917,,0.8715073534569378,162.0,0.09304997128087306
令和7年度,推進交付金,目標Ⅲ,介護人材の確保その他のサービス提供基盤の整備を推進する,（ⅱ）活動指標群,1 / 介護の仕事の魅力に関する研修の実施状況 / エ,97,3.0,0.0,0.09304997128087306,,0.5200880855078761,54.0,0.031016657093624354
令和7年度,推進交付金,目標Ⅲ,介護人材の確保その他のサービス提供基盤の整備を推進する,（ⅱ）活動指標群,2 / 介護人材の定着・資質向上に関する研修の実施状況 / ア,98,3.0,0.0,1.080413555427915,,1.4401205559019552,627.0,0.360137851809305
令和7年度,推進交付金,目標Ⅲ,介護人材の確保その他のサービス提供基盤の整備を推進する,（ⅱ）活動指標群,2 / 介護人材の定着・資質向上に関する研修の実施状況 / イ,99,3.0,0.0,0.5393452039058013,,1.1520166503749907,313.0,0.1797817346352671
令和7年度,推進交付金,目標Ⅲ,介護人材の確保その他のサービス提供基盤の整備を推進する,（ⅱ）活動指標群,2 / 介護人材の定着・資質向上に関する研修の実施状況 / ウ,100,3.0,0.0,0.32395175186674324,,0.9310802962487703,188.0,0.10798391728891442
令和7年度,推進交付金,目標Ⅲ,介護人材の確保その他のサービス提供基盤の整備を推進する,（ⅱ）活動指標群,2 / 介護人材の定着・資質向上に関する研修の実施状況 / エ,101,3.0,0.0,0.10683515221137277,,0.5559601666361459,62.0,0.035611717403790925
令和7年度,推進交付金,目標Ⅲ,介護人材の確保その他のサービス提供基盤の整備を推進する,（ⅱ）活動指標群,3 / 介護支援専門員に対する研修の実施状況 / ア,102,3.0,0.0,1.9437105112004596,,1.4328715860991266,1128.0,0.6479035037334865
令和7年度,推進交付金,目標Ⅲ,介護人材の確保その他のサービス提供基盤の整備を推進する,（ⅱ）活動指標群,3 / 介護支援専門員に対する研修の実施状況 / イ,103,3.0,0.0,1.147616312464101,,1.4580211715741997,666.0,0.38253877082136706
令和7年度,推進交付金,目標Ⅲ,介護人材の確保その他のサービス提供基盤の整備を推進する,（ⅱ）活動指標群,3 / 介護支援専門員に対する研修の実施状況 / ウ,104,3.0,0.0,0.6203331418724871,,1.2149840405174341,360.0,0.2067777139574957
令和7年度,推進交付金,目標Ⅲ,介護人材の確保その他のサービス提供基盤の整備を推進する,（ⅱ）活動指標群,3 / 介護支援専門員に対する研修の実施状況 / エ,105,3.0,0.0,0.20333141872487076,,0.7540892456028953,118.0,0.06777713957495692
令和7年度,推進交付金,目標Ⅲ,介護人材の確保その他のサービス提供基盤の整備を推進する,,Ⅲ（ⅰ） 計,106,64.0,12.0,38.85812751292361,40.0,16.939022265144953,,
令和7年度,推進交付金,目標Ⅲ,介護人材の確保その他のサービス提供基盤の整備を推進する,,Ⅲ（ⅱ） 計,107,36.0,0.0,7.738655944859277,6.0,7.518924561931261,,
令和7年度,推進交付金,目標Ⅲ,介護人材の確保その他のサービス提供基盤の整備を推進する,,Ⅲ 合計,108,100.0,12.0,46.596783457782884,48.0,21.539125160660447,,
令和7年度,推進交付金,目標Ⅳ,高齢者がその状況に応じて可能な限り自立した日常生活を営む,成果指標群,1 / 短期的な要介護度の変化（要介護１・２） / ア / ①,109,5.0,5.0,2.1022400919012063,,2.468154585010679,732.0,0.42044801838024126
令和7年度,推進交付金,目標Ⅳ,高齢者がその状況に応じて可能な限り自立した日常生活を営む,成果指標群,1 / 短期的な要介護度の変化（要介護１・２） / ア / ②,110,5.0,0.0,1.665709362435382,,2.3566839270619266,580.0,0.3331418724870764
令和7年度,推進交付金,目標Ⅳ,高齢者がその状況に応じて可能な限り自立した日常生活を営む,成果指標群,1 / 短期的な要介護度の変化（要介護１・２） / ア / ③,111,5.0,0.0,1.1975875933371625,,2.1339451546304358,417.0,0.2395175186674325
令和7年度,推進交付金,目標Ⅳ,高齢者がその状況に応じて可能な限り自立した日常生活を営む,成果指標群,1 / 短期的な要介護度の変化（要介護１・２） / ア / ④,112,5.0,0.0,0.456634118322803,,1.4403665761178892,159.0,0.0913268236645606
令和7年度,推進交付金,目標Ⅳ,高齢者がその状況に応じて可能な限り自立した日常生活を営む,成果指標群,1 / 短期的な要介護度の変化（要介護１・２） / イ / ①,113,5.0,0.0,1.9557725445146468,,2.440044359575444,681.0,0.39115450890292935
令和7年度,推進交付金,目標Ⅳ,高齢者がその状況に応じて可能な限り自立した日常生活を営む,成果指標群,1 / 短期的な要介護度の変化（要介護１・２） / イ / ②,114,5.0,0.0,1.5967834577828834,,2.3311370354111225,556.0,0.3193566915565767
令和7年度,推進交付金,目標Ⅳ,高齢者がその状況に応じて可能な限り自立した日常生活を営む,成果指標群,1 / 短期的な要介護度の変化（要介護１・２） / イ / ③,115,5.0,0.0,1.1487650775416427,,2.1033697212637055,400.0,0.22975301550832855
令和7年度,推進交付金,目標Ⅳ,高齢者がその状況に応じて可能な限り自立した日常生活を営む,成果指標群,1 / 短期的な要介護度の変化（要介護１・２） / イ / ④,116,5.0,0.0,0.44514646754738657,,1.423930110703126,155.0,0.08902929350947732
令和7年度,推進交付金,目標Ⅳ,高齢者がその状況に応じて可能な限り自立した日常生活を営む,成果指標群,2 / 長期的な要介護度の変化（要介護１・２） / ア,117,5.0,5.0,3.497989661114302,,2.2921641817960947,1218.0,0.6995979322228604
令和7年度,推進交付金,目標Ⅳ,高齢者がその状況に応じて可能な限り自立した日常生活を営む,成果指標群,2 / 長期的な要介護度の変化（要介護１・２） / イ,118,5.0,5.0,2.498564043653073,,2.49999958760584,870.0,0.4997128087306146
令和7年度,推進交付金,目標Ⅳ,高齢者がその状況に応じて可能な限り自立した日常生活を営む,成果指標群,2 / 長期的な要介護度の変化（要介護１・２） / ウ,119,5.0,5.0,1.4991384261918437,,2.2909116329693426,522.0,0.2998276852383688
令和7年度,推進交付金,目標Ⅳ,高齢者がその状況に応じて可能な限り自立した日常生活を営む,成果指標群,2 / 長期的な要介護度の変化（要介護１・２） / エ,120,5.0,5.0,0.4997128087306146,,1.499617001918701,174.0,0.09994256174612291
令和7年度,推進交付金,目標Ⅳ,高齢者がその状況に応じて可能な限り自立した日常生活を営む,成果指標群,3 / 短期的な要介護度の変化（要介護３～５） / ア / ①,121,5.0,5.0,2.1367030442274553,,2.4734622135634905,744.0,0.4273406088454911
令和7年度,推進交付金,目標Ⅳ,高齢者がその状況に応じて可能な限り自立した日常生活を営む,成果指標群,3 / 短期的な要介護度の変化（要介護３～５） / ア / ②,122,5.0,5.0,1.6025272831705917,,2.3333543928316676,558.0,0.32050545663411834
令和7年度,推進交付金,目標Ⅳ,高齢者がその状況に応じて可能な限り自立した日常生活を営む,成果指標群,3 / 短期的な要介護度の変化（要介護３～５） / ア / ③,123,5.0,5.0,1.0712234348075818,,2.0514866625832484,373.0,0.21424468696151636
令和7年度,推進交付金,目標Ⅳ,高齢者がその状況に応じて可能な限り自立した日常生活を営む,成果指標群,3 / 短期的な要介護度の変化（要介護３～５） / ア / ④,124,5.0,5.0,0.39632395175186674,,1.350757966486638,138.0,0.07926479035037334
令和7年度,推進交付金,目標Ⅳ,高齢者がその状況に応じて可能な限り自立した日常生活を営む,成果指標群,3 / 短期的な要介護度の変化（要介護３～５） / イ / ①,125,5.0,0.0,1.9012062033314188,,2.4272301063292754,662.0,0.38024124066628373
令和7年度,推進交付金,目標Ⅳ,高齢者がその状況に応じて可能な限り自立した日常生活を営む,成果指標群,3 / 短期的な要介護度の変化（要介護３～５） / イ / ②,126,5.0,0.0,1.4847788627225733,,2.2845844353897555,517.0,0.29695577254451466
令和7年度,推進交付金,目標Ⅳ,高齢者がその状況に応じて可能な限り自立した日常生活を営む,成果指標群,3 / 短期的な要介護度の変化（要介護３～５） / イ / ③,127,5.0,0.0,1.025272831705916,,2.0187074525783357,357.0,0.20505456634118321
令和7年度,推進交付金,目標Ⅳ,高齢者がその状況に応じて可能な限り自立した日常生活を営む,成果指標群,3 / 短期的な要介護度の変化（要介護３～５） / イ / ④,128,5.0,0.0,0.35324526134405515,,1.2811885466465291,123.0,0.07064905226881103
令和7年度,推進交付金,目標Ⅳ,高齢者がその状況に応じて可能な限り自立した日常生活を営む,成果指標群,4 / 長期的な要介護度の変化（要介護３～５） / ア,129,5.0,5.0,3.497989661114302,,2.2921641817960947,1218.0,0.6995979322228604
令和7年度,推進交付金,目標Ⅳ,高齢者がその状況に応じて可能な限り自立した日常生活を営む,成果指標群,4 / 長期的な要介護度の変化（要介護３～５） / イ,130,5.0,0.0,2.498564043653073,,2.49999958760584,870.0,0.4997128087306146
令和7年度,推進交付金,目標Ⅳ,高齢者がその状況に応じて可能な限り自立した日常生活を営む,成果指標群,4 / 長期的な要介護度の変化（要介護３～５） / ウ,131,5.0,0.0,1.4991384261918437,,2.2909116329693426,522.0,0.2998276852383688
令和7年度,推進交付金,目標Ⅳ,高齢者がその状況に応じて可能な限り自立した日常生活を営む,成果指標群,4 / 長期的な要介護度の変化（要介護３～５） / エ,132,5.0,0.0,0.4997128087306146,,1.499617001918701,174.0,0.09994256174612291
令和7年度,推進交付金,目標Ⅳ,高齢者がその状況に応じて可能な限り自立した日常生活を営む,成果指標群,5 / 健康寿命延伸の状況 / ア / ①,133,5.0,0.0,2.09075244112579,,2.466275823089441,728.0,0.41815048822515793
令和7年度,推進交付金,目標Ⅳ,高齢者がその状況に応じて可能な限り自立した日常生活を営む,成果指標群,5 / 健康寿命延伸の状況 / ア / ②,134,5.0,0.0,1.72027570361861,,2.375295775610386,599.0,0.344055140723722
令和7年度,推進交付金,目標Ⅳ,高齢者がその状況に応じて可能な限り自立した日常生活を営む,成果指標群,5 / 健康寿命延伸の状況 / ア / ③,135,5.0,0.0,1.1746122917863298,,2.119751736151221,409.0,0.23492245835726594
令和7年度,推進交付金,目標Ⅳ,高齢者がその状況に応じて可能な限り自立した日常生活を営む,成果指標群,5 / 健康寿命延伸の状況 / ア / ④,136,5.0,0.0,0.4365307294658242,,1.411415803213623,152.0,0.08730614589316485
令和7年度,推進交付金,目標Ⅳ,高齢者がその状況に応じて可能な限り自立した日常生活を営む,成果指標群,5 / 健康寿命延伸の状況 / イ / ①,137,5.0,5.0,2.317633543940264,,2.49333962301653,807.0,0.46352670878805285
令和7年度,推進交付金,目標Ⅳ,高齢者がその状況に応じて可能な限り自立した日常生活を営む,成果指標群,5 / 健康寿命延伸の状況 / イ / ②,138,5.0,5.0,1.8925904652498564,,2.4250883812955384,659.0,0.3785180930499713
令和7年度,推進交付金,目標Ⅳ,高齢者がその状況に応じて可能な限り自立した日常生活を営む,成果指標群,5 / 健康寿命延伸の状況 / イ / ③,139,5.0,5.0,1.2320505456634119,,2.1546007011155335,429.0,0.24641010913268235
令和7年度,推進交付金,目標Ⅳ,高齢者がその状況に応じて可能な限り自立した日常生活を営む,成果指標群,5 / 健康寿命延伸の状況 / イ / ④,140,5.0,5.0,0.44514646754738657,,1.423930110703126,155.0,0.08902929350947732
令和7年度,推進交付金,目標Ⅳ,高齢者がその状況に応じて可能な限り自立した日常生活を営む,,Ⅳ 合計,141,100.0,70.0,47.84032165422171,50.0,16.326641548412773,,
令和7年度,推進交付金,,,,推進合計,142,400.0,155.0,219.24813325674899,224.0,53.94172620186032,,
令和7年度,支援交付金,目標Ⅰ,介護予防/日常生活支援を推進する,（ⅰ）体制・取組指標群,1 / データを活用した課題の把握 / ア,143,1.0,0.0,0.8638713383113154,,0.3429251363716756,1504.0,0.8638713383113154
令和7年度,支援交付金,目標Ⅰ,介護予防/日常生活支援を推進する,（ⅰ）体制・取組指標群,1 / データを活用した課題の把握 / イ,144,1.0,0.0,0.8765077541642734,,0.3290013845778997,1526.0,0.8765077541642734
令和7年度,支援交付金,目標Ⅰ,介護予防/日常生活支援を推進する,（ⅰ）体制・取組指標群,1 / データを活用した課題の把握 / ウ,145,2.0,0.0,1.549684089603676,,0.8353726124530166,1349.0,0.774842044801838
令和7年度,支援交付金,目標Ⅰ,介護予防/日常生活支援を推進する,（ⅰ）体制・取組指標群,1 / データを活用した課題の把握 / エ,146,2.0,0.0,1.350947731188972,,0.9363950501648933,1176.0,0.675473865594486
令和7年度,支援交付金,目標Ⅰ,介護予防/日常生活支援を推進する,（ⅰ）体制・取組指標群,2 / アウトリーチ等の取組状況 / ア,147,1.0,0.0,0.929350947731189,,0.25623770932930584,1618.0,0.929350947731189
令和7年度,支援交付金,目標Ⅰ,介護予防/日常生活支援を推進する,（ⅰ）体制・取組指標群,2 / アウトリーチ等の取組状況 / イ,148,2.0,0.0,1.4646754738655945,,0.8854810579497369,1275.0,0.7323377369327972
令和7年度,支援交付金,目標Ⅰ,介護予防/日常生活支援を推進する,（ⅰ）体制・取組指標群,2 / アウトリーチ等の取組状況 / ウ / ①,149,1.0,0.0,0.7656519241815049,,0.4235906693715809,1333.0,0.7656519241815049
令和7年度,支援交付金,目標Ⅰ,介護予防/日常生活支援を推進する,（ⅰ）体制・取組指標群,2 / アウトリーチ等の取組状況 / ウ / ②,150,1.0,0.0,0.6002297530155083,,0.4898509942936221,1045.0,0.6002297530155083
令和7年度,支援交付金,目標Ⅰ,介護予防/日常生活支援を推進する,（ⅰ）体制・取組指標群,2 / アウトリーチ等の取組状況 / ウ / ③,151,1.0,0.0,0.5933371625502585,,0.4912109262700359,1033.0,0.5933371625502585
令和7年度,支援交付金,目標Ⅰ,介護予防/日常生活支援を推進する,（ⅰ）体制・取組指標群,2 / アウトリーチ等の取組状況 / ウ / ④,152,1.0,0.0,0.23319931074095349,,0.42286805532092125,406.0,0.23319931074095349
令和7年度,支援交付金,目標Ⅰ,介護予防/日常生活支援を推進する,（ⅰ）体制・取組指標群,2 / アウトリーチ等の取組状況 / エ,153,2.0,0.0,1.179781734635267,,0.9837065252866499,1027.0,0.5898908673176335
令和7年度,支援交付金,目標Ⅰ,介護予防/日常生活支援を推進する,（ⅰ）体制・取組指標群,3 / 介護予防等と保健事業の一体的実施 / ア,154,1.0,1.0,0.9592188397472717,,0.1977828537087318,1670.0,0.9592188397472717
令和7年度,支援交付金,目標Ⅰ,介護予防/日常生活支援を推進する,（ⅰ）体制・取組指標群,3 / 介護予防等と保健事業の一体的実施 / イ,155,2.0,2.0,1.67834577828834,,0.7347428156017494,1461.0,0.83917288914417
令和7年度,支援交付金,目標Ⅰ,介護予防/日常生活支援を推進する,（ⅰ）体制・取組指標群,3 / 介護予防等と保健事業の一体的実施 / ウ,156,2.0,2.0,1.5381964388282596,,0.84281943097711,1339.0,0.7690982194141298
令和7年度,支援交付金,目標Ⅰ,介護予防/日常生活支援を推進する,（ⅰ）体制・取組指標群,3 / 介護予防等と保健事業の一体的実施 / エ,157,2.0,2.0,1.6415852958070074,,0.7670516985211848,1429.0,0.8207926479035037
令和7年度,支援交付金,目標Ⅰ,介護予防/日常生活支援を推進する,（ⅰ）体制・取組指標群,4 / 通いの場参加者の健康状態の把握・分析 / ア,158,1.0,1.0,0.8701895462377943,,0.3360947780853727,1515.0,0.8701895462377943
令和7年度,支援交付金,目標Ⅰ,介護予防/日常生活支援を推進する,（ⅰ）体制・取組指標群,4 / 通いの場参加者の健康状態の把握・分析 / イ,159,2.0,0.0,1.5278575531303848,,0.849332916825436,1330.0,0.7639287765651924
令和7年度,支援交付金,目標Ⅰ,介護予防/日常生活支援を推進する,（ⅰ）体制・取組指標群,4 / 通いの場参加者の健康状態の把握・分析 / ウ,160,1.0,1.0,0.7208500861573808,,0.4485813632377938,1255.0,0.7208500861573808
令和7年度,支援交付金,目標Ⅰ,介護予防/日常生活支援を推進する,（ⅰ）体制・取組指標群,4 / 通いの場参加者の健康状態の把握・分析 / エ,161,1.0,1.0,0.7438253877082137,,0.43651939282114294,1295.0,0.7438253877082137
令和7年度,支援交付金,目標Ⅰ,介護予防/日常生活支援を推進する,（ⅰ）体制・取組指標群,4 / 通いの場参加者の健康状態の把握・分析 / オ,162,2.0,0.0,1.267087880528432,,0.9636721766632209,1103.0,0.633543940264216
令和7年度,支援交付金,目標Ⅰ,介護予防/日常生活支援を推進する,（ⅰ）体制・取組指標群,5 / 地域リハビリテーションの推進 / ア,163,1.0,0.0,0.47731188971855254,,0.49948498441079975,831.0,0.47731188971855254
令和7年度,支援交付金,目標Ⅰ,介護予防/日常生活支援を推進する,（ⅰ）体制・取組指標群,5 / 地域リハビリテーションの推進 / イ,164,2.0,2.0,1.553130384836301,,0.8330946989213445,1352.0,0.7765651924181505
令和7年度,支援交付金,目標Ⅰ,介護予防/日常生活支援を推進する,（ⅰ）体制・取組指標群,5 / 地域リハビリテーションの推進 / ウ,165,2.0,2.0,1.3934520390580127,,0.9193451435457154,1213.0,0.6967260195290064
令和7年度,支援交付金,目標Ⅰ,介護予防/日常生活支援を推進する,（ⅰ）体制・取組指標群,5 / 地域リハビリテーションの推進 / エ,166,2.0,0.0,0.8512349224583573,,0.9888725659578331,741.0,0.42561746122917865
令和7年度,支援交付金,目標Ⅰ,介護予防/日常生活支援を推進する,（ⅰ）体制・取組指標群,6 / 介護予防・生活支援の体制整備 / ア,167,1.0,1.0,0.8701895462377943,,0.3360947780853727,1515.0,0.8701895462377943
令和7年度,支援交付金,目標Ⅰ,介護予防/日常生活支援を推進する,（ⅰ）体制・取組指標群,6 / 介護予防・生活支援の体制整備 / イ,168,2.0,2.0,1.5680643308443423,,0.8229841529594416,1365.0,0.7840321654221711
令和7年度,支援交付金,目標Ⅰ,介護予防/日常生活支援を推進する,（ⅰ）体制・取組指標群,6 / 介護予防・生活支援の体制整備 / ウ,169,2.0,2.0,1.4520390580126363,,0.8919981446343083,1264.0,0.7260195290063182
令和7年度,支援交付金,目標Ⅰ,介護予防/日常生活支援を推進する,（ⅰ）体制・取組指標群,6 / 介護予防・生活支援の体制整備 / エ,170,2.0,2.0,1.0660539919586445,,0.9978160502549192,928.0,0.5330269959793222
令和7年度,支援交付金,目標Ⅰ,介護予防/日常生活支援を推進する,（ⅰ）体制・取組指標群,6 / 介護予防・生活支援の体制整備 / オ,171,2.0,2.0,0.9557725445146468,,0.9990214873471396,832.0,0.4778862722573234
令和7年度,支援交付金,目標Ⅰ,介護予防/日常生活支援を推進する,（ⅰ）体制・取組指標群,7 / 多様なサービスの活用推進 / ア,172,1.0,0.0,0.7926479035037335,,0.4054099216532194,1380.0,0.7926479035037335
令和7年度,支援交付金,目標Ⅰ,介護予防/日常生活支援を推進する,（ⅰ）体制・取組指標群,7 / 多様なサービスの活用推進 / イ,173,1.0,0.0,0.5990809879379667,,0.49008464353541675,1043.0,0.5990809879379667
令和7年度,支援交付金,目標Ⅰ,介護予防/日常生活支援を推進する,（ⅰ）体制・取組指標群,7 / 多様なサービスの活用推進 / ウ,174,1.0,0.0,0.655944859276278,,0.47505915512207725,1142.0,0.655944859276278
令和7年度,支援交付金,目標Ⅰ,介護予防/日常生活支援を推進する,（ⅰ）体制・取組指標群,7 / 多様なサービスの活用推進 / エ,175,1.0,0.0,0.5054566341183228,,0.4999702242575039,880.0,0.5054566341183228
令和7年度,支援交付金,目標Ⅰ,介護予防/日常生活支援を推進する,（ⅰ）体制・取組指標群,7 / 多様なサービスの活用推進 / オ,176,1.0,0.0,0.2556002297530155,,0.4361980654510301,445.0,0.2556002297530155
令和7年度,支援交付金,目標Ⅰ,介護予防/日常生活支援を推進する,（ⅰ）体制・取組指標群,7 / 多様なサービスの活用推進 / カ,177,2.0,0.0,0.7731188971855255,,0.9739224636415816,673.0,0.38655944859276276
令和7年度,支援交付金,目標Ⅰ,介護予防/日常生活支援を推進する,（ⅱ）活動指標群,1 / 地域包括支援センター３職種の配置状況 / ア,178,1.0,1.0,0.6995979322228604,,0.45843283635921894,1218.0,0.6995979322228604
令和7年度,支援交付金,目標Ⅰ,介護予防/日常生活支援を推進する,（ⅱ）活動指標群,1 / 地域包括支援センター３職種の配置状況 / イ,179,1.0,1.0,0.4997128087306146,,0.49999991752116796,870.0,0.4997128087306146
令和7年度,支援交付金,目標Ⅰ,介護予防/日常生活支援を推進する,（ⅱ）活動指標群,1 / 地域包括支援センター３職種の配置状況 / ウ,180,1.0,1.0,0.2998276852383688,,0.45818232659386854,522.0,0.2998276852383688
令和7年度,支援交付金,目標Ⅰ,介護予防/日常生活支援を推進する,（ⅱ）活動指標群,1 / 地域包括支援センター３職種の配置状況 / エ,181,1.0,1.0,0.09994256174612291,,0.29992340038374016,174.0,0.09994256174612291
令和7年度,支援交付金,目標Ⅰ,介護予防/日常生活支援を推進する,（ⅱ）活動指標群,2 / 地域包括支援センター事業評価の達成状況 / ア / ①,182,1.0,1.0,0.6995979322228604,,0.45843283635921894,1218.0,0.6995979322228604
令和7年度,支援交付金,目標Ⅰ,介護予防/日常生活支援を推進する,（ⅱ）活動指標群,2 / 地域包括支援センター事業評価の達成状況 / ア / ②,183,1.0,1.0,0.5025847214244687,,0.4999933191705244,875.0,0.5025847214244687
令和7年度,支援交付金,目標Ⅰ,介護予防/日常生活支援を推進する,（ⅱ）活動指標群,2 / 地域包括支援センター事業評価の達成状況 / ア / ③,184,1.0,1.0,0.3251005169442849,,0.46841239397228124,566.0,0.3251005169442849
令和7年度,支援交付金,目標Ⅰ,介護予防/日常生活支援を推進する,（ⅱ）活動指標群,2 / 地域包括支援センター事業評価の達成状況 / ア / ④,185,1.0,0.0,0.17805858701895463,,0.3825620558912867,310.0,0.17805858701895463
令和7年度,支援交付金,目標Ⅰ,介護予防/日常生活支援を推進する,（ⅱ）活動指標群,2 / 地域包括支援センター事業評価の達成状況 / イ / ①,186,1.0,1.0,0.7179781734635267,,0.44998390626055135,1250.0,0.7179781734635267
令和7年度,支援交付金,目標Ⅰ,介護予防/日常生活支援を推進する,（ⅱ）活動指標群,2 / 地域包括支援センター事業評価の達成状況 / イ / ②,187,1.0,0.0,0.543365881677197,,0.4981158502862154,946.0,0.543365881677197
令和7年度,支援交付金,目標Ⅰ,介護予防/日常生活支援を推進する,（ⅱ）活動指標群,2 / 地域包括支援センター事業評価の達成状況 / イ / ③,188,1.0,0.0,0.3147616312464101,,0.4644208724223203,548.0,0.3147616312464101
令和7年度,支援交付金,目標Ⅰ,介護予防/日常生活支援を推進する,（ⅱ）活動指標群,2 / 地域包括支援センター事業評価の達成状況 / イ / ④,189,1.0,0.0,0.13383113153360138,,0.34047079135520164,233.0,0.13383113153360138
令和7年度,支援交付金,目標Ⅰ,介護予防/日常生活支援を推進する,（ⅱ）活動指標群,2 / 地域包括支援センター事業評価の達成状況 / ウ / ①,190,1.0,1.0,0.7116599655370477,,0.45299013122678045,1239.0,0.7116599655370477
令和7年度,支援交付金,目標Ⅰ,介護予防/日常生活支援を推進する,（ⅱ）活動指標群,2 / 地域包括支援センター事業評価の達成状況 / ウ / ②,191,1.0,0.0,0.5083285468121769,,0.4999306304958693,885.0,0.5083285468121769
令和7年度,支援交付金,目標Ⅰ,介護予防/日常生活支援を推進する,（ⅱ）活動指標群,2 / 地域包括支援センター事業評価の達成状況 / ウ / ③,192,1.0,0.0,0.3199310740953475,,0.46644954917283904,557.0,0.3199310740953475
令和7年度,支援交付金,目標Ⅰ,介護予防/日常生活支援を推進する,（ⅱ）活動指標群,2 / 地域包括支援センター事業評価の達成状況 / ウ / ④,193,1.0,0.0,0.18897185525560023,,0.3914862617983634,329.0,0.18897185525560023
令和7年度,支援交付金,目標Ⅰ,介護予防/日常生活支援を推進する,（ⅱ）活動指標群,3 / 個別事例の検討割合 / ア,194,1.0,1.0,0.6995979322228604,,0.45843283635921894,1218.0,0.6995979322228604
令和7年度,支援交付金,目標Ⅰ,介護予防/日常生活支援を推進する,（ⅱ）活動指標群,3 / 個別事例の検討割合 / イ,195,1.0,1.0,0.4997128087306146,,0.49999991752116796,870.0,0.4997128087306146
令和7年度,支援交付金,目標Ⅰ,介護予防/日常生活支援を推進する,（ⅱ）活動指標群,3 / 個別事例の検討割合 / ウ,196,1.0,1.0,0.30212521539345205,,0.45917923474054473,526.0,0.30212521539345205
令和7年度,支援交付金,目標Ⅰ,介護予防/日常生活支援を推進する,（ⅱ）活動指標群,3 / 個別事例の検討割合 / エ,197,1.0,0.0,0.10683515221137277,,0.3089035488034179,186.0,0.10683515221137277
令和7年度,支援交付金,目標Ⅰ,介護予防/日常生活支援を推進する,（ⅱ）活動指標群,4 / 通いの場への参加率 / ア / ①,198,1.0,1.0,0.6995979322228604,,0.45843283635921894,1218.0,0.6995979322228604
令和7年度,支援交付金,目標Ⅰ,介護予防/日常生活支援を推進する,（ⅱ）活動指標群,4 / 通いの場への参加率 / ア / ②,199,1.0,1.0,0.4997128087306146,,0.49999991752116796,870.0,0.4997128087306146
令和7年度,支援交付金,目標Ⅰ,介護予防/日常生活支援を推進する,（ⅱ）活動指標群,4 / 通いの場への参加率 / ア / ③,200,1.0,1.0,0.2998276852383688,,0.45818232659386854,522.0,0.2998276852383688
令和7年度,支援交付金,目標Ⅰ,介護予防/日常生活支援を推進する,（ⅱ）活動指標群,4 / 通いの場への参加率 / ア / ④,201,1.0,0.0,0.09994256174612291,,0.29992340038374016,174.0,0.09994256174612291
令和7年度,支援交付金,目標Ⅰ,介護予防/日常生活支援を推進する,（ⅱ）活動指標群,4 / 通いの場への参加率 / イ / ①,202,1.0,1.0,0.6995979322228604,,0.45843283635921894,1218.0,0.6995979322228604
令和7年度,支援交付金,目標Ⅰ,介護予防/日常生活支援を推進する,（ⅱ）活動指標群,4 / 通いの場への参加率 / イ / ②,203,1.0,1.0,0.5129236071223435,,0.4998329524740714,893.0,0.5129236071223435
令和7年度,支援交付金,目標Ⅰ,介護予防/日常生活支援を推進する,（ⅱ）活動指標群,4 / 通いの場への参加率 / イ / ③,204,1.0,0.0,0.2998276852383688,,0.45818232659386854,522.0,0.2998276852383688
令和7年度,支援交付金,目標Ⅰ,介護予防/日常生活支援を推進する,（ⅱ）活動指標群,4 / 通いの場への参加率 / イ / ④,205,1.0,0.0,0.09994256174612291,,0.29992340038374016,174.0,0.09994256174612291
令和7年度,支援交付金,目標Ⅰ,介護予防/日常生活支援を推進する,（ⅱ）活動指標群,5 / ポイント事業への参加率 / ア,206,1.0,0.0,0.5973578403216542,,0.4904298634136213,1040.0,0.5973578403216542
令和7年度,支援交付金,目標Ⅰ,介護予防/日常生活支援を推進する,（ⅱ）活動指標群,5 / ポイント事業への参加率 / イ,207,1.0,0.0,0.2986789201608271,,0.45767873318779995,520.0,0.2986789201608271
令和7年度,支援交付金,目標Ⅰ,介護予防/日常生活支援を推進する,（ⅱ）活動指標群,5 / ポイント事業への参加率 / ウ,208,1.0,0.0,0.17920735209649627,,0.3835258492605924,312.0,0.17920735209649627
令和7年度,支援交付金,目標Ⅰ,介護予防/日常生活支援を推進する,（ⅱ）活動指標群,5 / ポイント事業への参加率 / エ,209,1.0,0.0,0.05973578403216542,,0.23699666693484933,104.0,0.05973578403216542
令和7年度,支援交付金,目標Ⅰ,介護予防/日常生活支援を推進する,（ⅱ）活動指標群,6 / 心身・認知機能維持・改善者の割合 / ア,210,1.0,0.0,0.6306720275703619,,0.48262285607982824,1098.0,0.6306720275703619
令和7年度,支援交付金,目標Ⅰ,介護予防/日常生活支援を推進する,（ⅱ）活動指標群,6 / 心身・認知機能維持・改善者の割合 / イ,211,1.0,0.0,0.31533601378518095,,0.4646495584795633,549.0,0.31533601378518095
令和7年度,支援交付金,目標Ⅰ,介護予防/日常生活支援を推進する,（ⅱ）活動指標群,6 / 心身・認知機能維持・改善者の割合 / ウ,212,1.0,0.0,0.18897185525560023,,0.3914862617983634,329.0,0.18897185525560023
令和7年度,支援交付金,目標Ⅰ,介護予防/日常生活支援を推進する,（ⅱ）活動指標群,6 / 心身・認知機能維持・改善者の割合 / エ,213,1.0,0.0,0.08156232050545663,,0.27369674528430515,142.0,0.08156232050545663
令和7年度,支援交付金,目標Ⅰ,介護予防/日常生活支援を推進する,（ⅱ）活動指標群,7 / 生活支援コーディネーター数 / ア,214,1.0,1.0,0.6995979322228604,,0.45843283635921894,1218.0,0.6995979322228604
令和7年度,支援交付金,目標Ⅰ,介護予防/日常生活支援を推進する,（ⅱ）活動指標群,7 / 生活支援コーディネーター数 / イ,215,1.0,1.0,0.4997128087306146,,0.49999991752116796,870.0,0.4997128087306146
令和7年度,支援交付金,目標Ⅰ,介護予防/日常生活支援を推進する,（ⅱ）活動指標群,7 / 生活支援コーディネーター数 / ウ,216,1.0,1.0,0.30040206777713957,,0.45843283635921894,523.0,0.30040206777713957
令和7年度,支援交付金,目標Ⅰ,介護予防/日常生活支援を推進する,（ⅱ）活動指標群,7 / 生活支援コーディネーター数 / エ,217,1.0,0.0,0.09994256174612291,,0.29992340038374016,174.0,0.09994256174612291
令和7年度,支援交付金,目標Ⅰ,介護予防/日常生活支援を推進する,（ⅱ）活動指標群,8 / 生活支援コーディネーターの地域ケア会議への参加割合 / ア,218,1.0,1.0,0.7535898908673176,,0.4309201402231067,1312.0,0.7535898908673176
令和7年度,支援交付金,目標Ⅰ,介護予防/日常生活支援を推進する,（ⅱ）活動指標群,8 / 生活支援コーディネーターの地域ケア会議への参加割合 / イ,219,1.0,0.0,0.5749569213095922,,0.49434953216098787,1001.0,0.5749569213095922
令和7年度,支援交付金,目標Ⅰ,介護予防/日常生活支援を推進する,（ⅱ）活動指標群,8 / 生活支援コーディネーターの地域ケア会議への参加割合 / ウ,220,1.0,0.0,0.5749569213095922,,0.49434953216098787,1001.0,0.5749569213095922
令和7年度,支援交付金,目標Ⅰ,介護予防/日常生活支援を推進する,（ⅱ）活動指標群,8 / 生活支援コーディネーターの地域ケア会議への参加割合 / エ,221,1.0,0.0,0.5749569213095922,,0.49434953216098787,1001.0,0.5749569213095922
令和7年度,支援交付金,目標Ⅰ,介護予防/日常生活支援を推進する,（ⅱ）活動指標群,9 / 多様なサービスの実施状況 / ア / ①,222,1.0,1.0,0.3032739804709937,,0.4596725717728577,528.0,0.3032739804709937
令和7年度,支援交付金,目標Ⅰ,介護予防/日常生活支援を推進する,（ⅱ）活動指標群,9 / 多様なサービスの実施状況 / ア / ②,223,1.0,0.0,0.26479035037334864,,0.4412215098139572,461.0,0.26479035037334864
令和7年度,支援交付金,目標Ⅰ,介護予防/日常生活支援を推進する,（ⅱ）活動指標群,9 / 多様なサービスの実施状況 / ア / ③,224,1.0,0.0,0.20333141872487076,,0.40247702156048865,354.0,0.20333141872487076
令和7年度,支援交付金,目標Ⅰ,介護予防/日常生活支援を推進する,（ⅱ）活動指標群,9 / 多様なサービスの実施状況 / ア / ④,225,1.0,0.0,0.09649626651349799,,0.29527061665945353,168.0,0.09649626651349799
令和7年度,支援交付金,目標Ⅰ,介護予防/日常生活支援を推進する,（ⅱ）活動指標群,9 / 多様なサービスの実施状況 / イ / ①,226,1.0,0.0,0.15795519816197587,,0.3646989903133635,275.0,0.15795519816197587
令和7年度,支援交付金,目標Ⅰ,介護予防/日常生活支援を推進する,（ⅱ）活動指標群,9 / 多様なサービスの実施状況 / イ / ②,227,1.0,0.0,0.12234348075818495,,0.32768209208645593,213.0,0.12234348075818495
令和7年度,支援交付金,目標Ⅰ,介護予防/日常生活支援を推進する,（ⅱ）活動指標群,9 / 多様なサービスの実施状況 / イ / ③,228,1.0,0.0,0.07352096496266514,,0.2609897175630176,128.0,0.07352096496266514
令和7年度,支援交付金,目標Ⅰ,介護予防/日常生活支援を推進する,（ⅱ）活動指標群,9 / 多様なサービスの実施状況 / イ / ④,229,1.0,0.0,0.01263641585295807,,0.11169931444440105,22.0,0.01263641585295807
令和7年度,支援交付金,目標Ⅰ,介護予防/日常生活支援を推進する,（ⅱ）活動指標群,9 / 多様なサービスの実施状況 / ウ / ①,230,1.0,0.0,0.36473291211947156,,0.48135518584130926,635.0,0.36473291211947156
令和7年度,支援交付金,目標Ⅰ,介護予防/日常生活支援を推進する,（ⅱ）活動指標群,9 / 多様なサービスの実施状況 / ウ / ②,231,1.0,0.0,0.2986789201608271,,0.45767873318779995,520.0,0.2986789201608271
令和7年度,支援交付金,目標Ⅰ,介護予防/日常生活支援を推進する,（ⅱ）活動指標群,9 / 多様なサービスの実施状況 / ウ / ③,232,1.0,0.0,0.19529006318207925,,0.3964238317816157,340.0,0.19529006318207925
令和7年度,支援交付金,目標Ⅰ,介護予防/日常生活支援を推進する,（ⅱ）活動指標群,9 / 多様なサービスの実施状況 / ウ / ④,233,1.0,0.0,0.058012636415852956,,0.23376734252657067,101.0,0.058012636415852956
令和7年度,支援交付金,目標Ⅰ,介護予防/日常生活支援を推進する,（ⅱ）活動指標群,9 / 多様なサービスの実施状況 / エ,234,1.0,0.0,0.014359563469270534,,0.11896792175306134,25.0,0.014359563469270534
令和7年度,支援交付金,目標Ⅰ,介護予防/日常生活支援を推進する,,Ⅰ（ⅰ） 計,235,52.0,23.0,35.12349224583573,37.0,12.804060625636138,,
令和7年度,支援交付金,目標Ⅰ,介護予防/日常生活支援を推進する,,Ⅰ（ⅱ） 計,236,48.0,22.0,20.157955198161975,20.0,6.3480137649208075,,
令和7年度,支援交付金,目標Ⅰ,介護予防/日常生活支援を推進する,,Ⅰ 合計,237,100.0,45.0,55.2814474439977,57.0,16.027834970038523,,
令和7年度,支援交付金,目標Ⅱ,認知症総合支援を推進する,（ⅰ）体制・取組指標群,1 / 認知症サポーター等を活用した地域支援体制の構築 / ア,238,5.0,0.0,3.9172889144170018,,2.0594397619427176,1364.0,0.7834577828834004
令和7年度,支援交付金,目標Ⅱ,認知症総合支援を推進する,（ⅰ）体制・取組指標群,1 / 認知症サポーター等を活用した地域支援体制の構築 / イ,239,5.0,0.0,3.6243538196438827,,2.232896882583746,1262.0,0.7248707639287766
令和7年度,支援交付金,目標Ⅱ,認知症総合支援を推進する,（ⅰ）体制・取組指標群,1 / 認知症サポーター等を活用した地域支援体制の構築 / ウ,240,5.0,5.0,3.173463526708788,,2.4075811259837043,1105.0,0.6346927053417576
令和7年度,支援交付金,目標Ⅱ,認知症総合支援を推進する,（ⅰ）体制・取組指標群,1 / 認知症サポーター等を活用した地域支援体制の構築 / エ,241,5.0,0.0,2.0361860999425616,,2.4565985968638646,709.0,0.40723721998851237
令和7年度,支援交付金,目標Ⅱ,認知症総合支援を推進する,（ⅰ）体制・取組指標群,1 / 認知症サポーター等を活用した地域支援体制の構築 / オ,242,5.0,0.0,1.2607696726019528,,2.1712457704407693,439.0,0.2521539345203906
令和7年度,支援交付金,目標Ⅱ,認知症総合支援を推進する,（ⅰ）体制・取組指標群,2 / 早期診断・早期対応の体制構築 / ア,243,4.0,4.0,3.8024124066628375,,0.86678112364534,1655.0,0.9506031016657094
令和7年度,支援交付金,目標Ⅱ,認知症総合支援を推進する,（ⅰ）体制・取組指標群,2 / 早期診断・早期対応の体制構築 / イ,244,5.0,5.0,4.681217690982194,,1.2215929700789478,1630.0,0.9362435381964388
令和7年度,支援交付金,目標Ⅱ,認知症総合支援を推進する,（ⅰ）体制・取組指標群,2 / 早期診断・早期対応の体制構築 / ウ,245,5.0,0.0,3.0212521539345203,,2.445055457861564,1052.0,0.6042504307869041
令和7年度,支援交付金,目標Ⅱ,認知症総合支援を推進する,（ⅰ）体制・取組指標群,2 / 早期診断・早期対応の体制構築 / エ,246,5.0,0.0,3.3716255025847213,,2.34313230169445,1174.0,0.6743251005169443
令和7年度,支援交付金,目標Ⅱ,認知症総合支援を推進する,（ⅰ）体制・取組指標群,3 / 難聴高齢者の早期発見・早期介入 / ア,247,5.0,0.0,2.3779437105112007,,2.497018674779231,828.0,0.4755887421022401
令和7年度,支援交付金,目標Ⅱ,認知症総合支援を推進する,（ⅰ）体制・取組指標群,3 / 難聴高齢者の早期発見・早期介入 / イ,248,5.0,0.0,1.4962665134979896,,2.2896547967050664,521.0,0.29925330269959793
令和7年度,支援交付金,目標Ⅱ,認知症総合支援を推進する,（ⅰ）体制・取組指標群,3 / 難聴高齢者の早期発見・早期介入 / ウ,249,5.0,0.0,0.43078690407811604,,1.402981526487563,150.0,0.0861573808156232
令和7年度,支援交付金,目標Ⅱ,認知症総合支援を推進する,（ⅰ）体制・取組指標群,3 / 難聴高齢者の早期発見・早期介入 / エ,250,5.0,0.0,0.14933946008041354,,0.85111399122853,52.0,0.02986789201608271
令和7年度,支援交付金,目標Ⅱ,認知症総合支援を推進する,活動指標群,1 / 認知症サポーター数 / ア,251,3.0,0.0,2.0987937966685815,,1.3752985090776568,1218.0,0.6995979322228604
令和7年度,支援交付金,目標Ⅱ,認知症総合支援を推進する,活動指標群,1 / 認知症サポーター数 / イ,252,3.0,0.0,1.4991384261918437,,1.499999752563504,870.0,0.4997128087306146
令和7年度,支援交付金,目標Ⅱ,認知症総合支援を推進する,活動指標群,1 / 認知症サポーター数 / ウ,253,3.0,0.0,0.8994830557151062,,1.3745469797816057,522.0,0.2998276852383688
令和7年度,支援交付金,目標Ⅱ,認知症総合支援を推進する,活動指標群,1 / 認知症サポーター数 / エ,254,3.0,0.0,0.2998276852383688,,0.8997702011512205,174.0,0.09994256174612291
令和7年度,支援交付金,目標Ⅱ,認知症総合支援を推進する,活動指標群,2 / 認知症サポーターステップアップ講座修了者数 / ア,255,3.0,0.0,1.039058012636416,,1.4274216210655173,603.0,0.3463526708788053
令和7年度,支援交付金,目標Ⅱ,認知症総合支援を推進する,活動指標群,2 / 認知症サポーターステップアップ講座修了者数 / イ,256,3.0,0.0,0.5186674325100517,,1.1344542264823143,301.0,0.17288914417001724
令和7年度,支援交付金,目標Ⅱ,認知症総合支援を推進する,活動指標群,2 / 認知症サポーターステップアップ講座修了者数 / ウ,257,3.0,0.0,0.31016657093624356,,0.9133982762641841,180.0,0.10338885697874785
令和7年度,支援交付金,目標Ⅱ,認知症総合支援を推進する,活動指標群,2 / 認知症サポーターステップアップ講座修了者数 / エ,258,3.0,0.0,0.10338885697874785,,0.5472452057248849,60.0,0.03446295232624928
令和7年度,支援交付金,目標Ⅱ,認知症総合支援を推進する,活動指標群,3 / 認知症地域支援推進員の業務の状況 / ア,259,3.0,3.0,2.489948305571511,,1.1269438106206073,1445.0,0.8299827685238369
令和7年度,支援交付金,目標Ⅱ,認知症総合支援を推進する,活動指標群,3 / 認知症地域支援推進員の業務の状況 / イ,260,3.0,3.0,1.9798966111430212,,1.4211612303371648,1149.0,0.6599655370476738
令和7年度,支援交付金,目標Ⅱ,認知症総合支援を推進する,活動指標群,3 / 認知症地域支援推進員の業務の状況 / ウ,261,3.0,0.0,1.2785755313038483,,1.4835670543196309,742.0,0.42619184376794944
令和7年度,支援交付金,目標Ⅱ,認知症総合支援を推進する,活動指標群,3 / 認知症地域支援推進員の業務の状況 / エ,262,3.0,0.0,0.6479035037334865,,1.2344762294391625,376.0,0.21596783457782884
令和7年度,支援交付金,目標Ⅱ,認知症総合支援を推進する,,Ⅱ（ⅰ） 計,263,64.0,14.0,33.34290637564618,34.0,13.340077186063063,,
令和7年度,支援交付金,目標Ⅱ,認知症総合支援を推進する,,Ⅱ（ⅱ） 計,264,36.0,6.0,13.164847788627226,12.0,7.444054741628429,,
令和7年度,支援交付金,目標Ⅱ,認知症総合支援を推進する,,Ⅱ 合計,265,100.0,20.0,46.50775416427341,47.0,17.16720397150292,,
令和7年度,支援交付金,目標Ⅲ,在宅医療・在宅介護連携の体制を構築する,（ⅰ）体制・取組指標群,1 / 在宅医療・介護連携に関する課題・対応策の検討 / ア,266,5.0,5.0,3.4032165422171166,,2.3311370354111225,1185.0,0.6806433084434234
令和7年度,支援交付金,目標Ⅲ,在宅医療・在宅介護連携の体制を構築する,（ⅰ）体制・取組指標群,1 / 在宅医療・介護連携に関する課題・対応策の検討 / イ,267,6.0,6.0,5.555427914991384,,1.571555971412659,1612.0,0.925904652498564
令和7年度,支援交付金,目標Ⅲ,在宅医療・在宅介護連携の体制を構築する,（ⅰ）体制・取組指標群,1 / 在宅医療・介護連携に関する課題・対応策の検討 / ウ,268,5.0,0.0,3.6473291211947156,,2.2211789409362233,1270.0,0.7294658242389431
令和7年度,支援交付金,目標Ⅲ,在宅医療・在宅介護連携の体制を構築する,（ⅰ）体制・取組指標群,1 / 在宅医療・介護連携に関する課題・対応策の検討 / エ,269,5.0,0.0,2.6105686387133833,,2.497553718367849,909.0,0.5221137277426766
令和7年度,支援交付金,目標Ⅲ,在宅医療・在宅介護連携の体制を構築する,（ⅰ）体制・取組指標群,1 / 在宅医療・介護連携に関する課題・対応策の検討 / オ,270,5.0,0.0,2.771395749569213,,2.48522521054245,965.0,0.5542791499138426
令和7年度,支援交付金,目標Ⅲ,在宅医療・在宅介護連携の体制を構築する,（ⅰ）体制・取組指標群,2 / 在宅医療・介護連携の具体的取組状況 / ア,271,5.0,5.0,4.718552556002297,,1.1523994777227524,1643.0,0.9437105112004595
令和7年度,支援交付金,目標Ⅲ,在宅医療・在宅介護連携の体制を構築する,（ⅰ）体制・取組指標群,2 / 在宅医療・介護連携の具体的取組状況 / イ / ①,272,2.0,2.0,1.8207926479035037,,0.571226250401323,1585.0,0.9103963239517519
令和7年度,支援交付金,目標Ⅲ,在宅医療・在宅介護連携の体制を構築する,（ⅰ）体制・取組指標群,2 / 在宅医療・介護連携の具体的取組状況 / イ / ②,273,2.0,2.0,1.6415852958070074,,0.7670516985211848,1429.0,0.8207926479035037
令和7年度,支援交付金,目標Ⅲ,在宅医療・在宅介護連携の体制を構築する,（ⅰ）体制・取組指標群,2 / 在宅医療・介護連携の具体的取組状況 / イ / ③,274,2.0,0.0,1.8001148765077541,,0.5998468007674803,1567.0,0.9000574382538771
令和7年度,支援交付金,目標Ⅲ,在宅医療・在宅介護連携の体制を構築する,（ⅰ）体制・取組指標群,2 / 在宅医療・介護連携の具体的取組状況 / ウ,275,5.0,0.0,3.9689833429063754,,2.0228909852643095,1382.0,0.7937966685812752
令和7年度,支援交付金,目標Ⅲ,在宅医療・在宅介護連携の体制を構築する,（ⅰ）体制・取組指標群,2 / 在宅医療・介護連携の具体的取組状況 / エ,276,5.0,0.0,3.8110281447444,,2.1286627735947414,1327.0,0.76220562894888
令和7年度,支援交付金,目標Ⅲ,在宅医療・在宅介護連携の体制を構築する,（ⅰ）体制・取組指標群,3 / 医療・介護関係者間の情報共有 / ア,277,5.0,5.0,4.6955772544514645,,1.195592120974109,1635.0,0.9391154508902929
令和7年度,支援交付金,目標Ⅲ,在宅医療・在宅介護連携の体制を構築する,（ⅰ）体制・取組指標群,3 / 医療・介護関係者間の情報共有 / イ,278,6.0,6.0,5.358989086731763,,1.8534212928205074,1555.0,0.8931648477886273
令和7年度,支援交付金,目標Ⅲ,在宅医療・在宅介護連携の体制を構築する,（ⅰ）体制・取組指標群,3 / 医療・介護関係者間の情報共有 / ウ,279,5.0,5.0,3.813900057438254,,2.12689130870944,1328.0,0.7627800114876507
令和7年度,支援交付金,目標Ⅲ,在宅医療・在宅介護連携の体制を構築する,（ⅰ）体制・取組指標群,3 / 医療・介護関係者間の情報共有 / エ,280,5.0,5.0,3.6875358989086733,,2.199945110406887,1284.0,0.7375071797817346
令和7年度,支援交付金,目標Ⅲ,在宅医療・在宅介護連携の体制を構築する,（ⅱ）活動指標群,1 / 入退院支援の実施状況 / ア / ①,281,2.0,2.0,1.3991958644457207,,0.9168656727184379,1218.0,0.6995979322228604
令和7年度,支援交付金,目標Ⅲ,在宅医療・在宅介護連携の体制を構築する,（ⅱ）活動指標群,1 / 入退院支援の実施状況 / ア / ②,282,2.0,2.0,1.0120620333141872,,0.9999272510299574,881.0,0.5060310166570936
令和7年度,支援交付金,目標Ⅲ,在宅医療・在宅介護連携の体制を構築する,（ⅱ）活動指標群,1 / 入退院支援の実施状況 / ア / ③,283,2.0,2.0,0.5996553704767376,,0.9163646531877371,522.0,0.2998276852383688
令和7年度,支援交付金,目標Ⅲ,在宅医療・在宅介護連携の体制を構築する,（ⅱ）活動指標群,1 / 入退院支援の実施状況 / ア / ④,284,2.0,0.0,0.19988512349224583,,0.5998468007674803,174.0,0.09994256174612291
令和7年度,支援交付金,目標Ⅲ,在宅医療・在宅介護連携の体制を構築する,（ⅱ）活動指標群,1 / 入退院支援の実施状況 / イ / ①,285,2.0,2.0,1.3991958644457207,,0.9168656727184379,1218.0,0.6995979322228604
令和7年度,支援交付金,目標Ⅲ,在宅医療・在宅介護連携の体制を構築する,（ⅱ）活動指標群,1 / 入退院支援の実施状況 / イ / ②,286,2.0,0.0,0.9994256174612292,,0.9999998350423359,870.0,0.4997128087306146
令和7年度,支援交付金,目標Ⅲ,在宅医療・在宅介護連携の体制を構築する,（ⅱ）活動指標群,1 / 入退院支援の実施状況 / イ / ③,287,2.0,0.0,0.5996553704767376,,0.9163646531877371,522.0,0.2998276852383688
令和7年度,支援交付金,目標Ⅲ,在宅医療・在宅介護連携の体制を構築する,（ⅱ）活動指標群,1 / 入退院支援の実施状況 / イ / ④,288,2.0,0.0,0.19988512349224583,,0.5998468007674803,174.0,0.09994256174612291
令和7年度,支援交付金,目標Ⅲ,在宅医療・在宅介護連携の体制を構築する,（ⅱ）活動指標群,2 / 人生の最終段階における支援の実施状況 / ア / ①,289,2.0,0.0,1.3991958644457207,,0.9168656727184379,1218.0,0.6995979322228604
令和7年度,支援交付金,目標Ⅲ,在宅医療・在宅介護連携の体制を構築する,（ⅱ）活動指標群,2 / 人生の最終段階における支援の実施状況 / ア / ②,290,2.0,0.0,0.9994256174612292,,0.9999998350423359,870.0,0.4997128087306146
令和7年度,支援交付金,目標Ⅲ,在宅医療・在宅介護連携の体制を構築する,（ⅱ）活動指標群,2 / 人生の最終段階における支援の実施状況 / ア / ③,291,2.0,0.0,0.5996553704767376,,0.9163646531877371,522.0,0.2998276852383688
令和7年度,支援交付金,目標Ⅲ,在宅医療・在宅介護連携の体制を構築する,（ⅱ）活動指標群,2 / 人生の最終段階における支援の実施状況 / ア / ④,292,2.0,0.0,0.19988512349224583,,0.5998468007674803,174.0,0.09994256174612291
令和7年度,支援交付金,目標Ⅲ,在宅医療・在宅介護連携の体制を構築する,（ⅱ）活動指標群,2 / 人生の最終段階における支援の実施状況 / イ / ①,293,2.0,0.0,1.3991958644457207,,0.9168656727184379,1218.0,0.6995979322228604
令和7年度,支援交付金,目標Ⅲ,在宅医療・在宅介護連携の体制を構築する,（ⅱ）活動指標群,2 / 人生の最終段階における支援の実施状況 / イ / ②,294,2.0,0.0,0.9994256174612292,,0.9999998350423359,870.0,0.4997128087306146
令和7年度,支援交付金,目標Ⅲ,在宅医療・在宅介護連携の体制を構築する,（ⅱ）活動指標群,2 / 人生の最終段階における支援の実施状況 / イ / ③,295,2.0,0.0,0.5996553704767376,,0.9163646531877371,522.0,0.2998276852383688
令和7年度,支援交付金,目標Ⅲ,在宅医療・在宅介護連携の体制を構築する,（ⅱ）活動指標群,2 / 人生の最終段階における支援の実施状況 / イ / ④,296,2.0,0.0,0.19988512349224583,,0.5998468007674803,174.0,0.09994256174612291
令和7年度,支援交付金,目標Ⅲ,在宅医療・在宅介護連携の体制を構築する,,Ⅲ（ⅰ） 計,297,68.0,41.0,53.30499712808731,58.0,16.722539734339477,,
令和7年度,支援交付金,目標Ⅲ,在宅医療・在宅介護連携の体制を構築する,,Ⅲ（ⅱ） 計,298,32.0,8.0,12.80528431935669,14.0,6.786943549787084,,
令和7年度,支援交付金,目標Ⅲ,在宅医療・在宅介護連携の体制を構築する,,Ⅲ 合計,299,100.0,49.0,66.110281447444,71.0,19.333804442850873,,
令和7年度,支援交付金,目標Ⅳ,高齢者がその状況に応じて可能な限り自立した日常生活を営む,成果指標群,1 / 短期的な要介護度の変化（要介護１・２） / ア / ①,300,5.0,5.0,2.1022400919012063,,2.468154585010679,732.0,0.42044801838024126
令和7年度,支援交付金,目標Ⅳ,高齢者がその状況に応じて可能な限り自立した日常生活を営む,成果指標群,1 / 短期的な要介護度の変化（要介護１・２） / ア / ②,301,5.0,0.0,1.665709362435382,,2.3566839270619266,580.0,0.3331418724870764
令和7年度,支援交付金,目標Ⅳ,高齢者がその状況に応じて可能な限り自立した日常生活を営む,成果指標群,1 / 短期的な要介護度の変化（要介護１・２） / ア / ③,302,5.0,0.0,1.1975875933371625,,2.1339451546304358,417.0,0.2395175186674325
令和7年度,支援交付金,目標Ⅳ,高齢者がその状況に応じて可能な限り自立した日常生活を営む,成果指標群,1 / 短期的な要介護度の変化（要介護１・２） / ア / ④,303,5.0,0.0,0.456634118322803,,1.4403665761178892,159.0,0.0913268236645606
令和7年度,支援交付金,目標Ⅳ,高齢者がその状況に応じて可能な限り自立した日常生活を営む,成果指標群,1 / 短期的な要介護度の変化（要介護１・２） / イ / ①,304,5.0,0.0,1.9557725445146468,,2.440044359575444,681.0,0.39115450890292935
令和7年度,支援交付金,目標Ⅳ,高齢者がその状況に応じて可能な限り自立した日常生活を営む,成果指標群,1 / 短期的な要介護度の変化（要介護１・２） / イ / ②,305,5.0,0.0,1.5967834577828834,,2.3311370354111225,556.0,0.3193566915565767
令和7年度,支援交付金,目標Ⅳ,高齢者がその状況に応じて可能な限り自立した日常生活を営む,成果指標群,1 / 短期的な要介護度の変化（要介護１・２） / イ / ③,306,5.0,0.0,1.1487650775416427,,2.1033697212637055,400.0,0.22975301550832855
令和7年度,支援交付金,目標Ⅳ,高齢者がその状況に応じて可能な限り自立した日常生活を営む,成果指標群,1 / 短期的な要介護度の変化（要介護１・２） / イ / ④,307,5.0,0.0,0.44514646754738657,,1.423930110703126,155.0,0.08902929350947732
令和7年度,支援交付金,目標Ⅳ,高齢者がその状況に応じて可能な限り自立した日常生活を営む,成果指標群,2 / 長期的な要介護度の変化（要介護１・２） / ア,308,5.0,5.0,3.497989661114302,,2.2921641817960947,1218.0,0.6995979322228604
令和7年度,支援交付金,目標Ⅳ,高齢者がその状況に応じて可能な限り自立した日常生活を営む,成果指標群,2 / 長期的な要介護度の変化（要介護１・２） / イ,309,5.0,5.0,2.498564043653073,,2.49999958760584,870.0,0.4997128087306146
令和7年度,支援交付金,目標Ⅳ,高齢者がその状況に応じて可能な限り自立した日常生活を営む,成果指標群,2 / 長期的な要介護度の変化（要介護１・２） / ウ,310,5.0,5.0,1.4991384261918437,,2.2909116329693426,522.0,0.2998276852383688
令和7年度,支援交付金,目標Ⅳ,高齢者がその状況に応じて可能な限り自立した日常生活を営む,成果指標群,2 / 長期的な要介護度の変化（要介護１・２） / エ,311,5.0,5.0,0.4997128087306146,,1.499617001918701,174.0,0.09994256174612291
令和7年度,支援交付金,目標Ⅳ,高齢者がその状況に応じて可能な限り自立した日常生活を営む,成果指標群,3 / 短期的な要介護度の変化（要介護３～５） / ア / ①,312,5.0,5.0,2.1367030442274553,,2.4734622135634905,744.0,0.4273406088454911
令和7年度,支援交付金,目標Ⅳ,高齢者がその状況に応じて可能な限り自立した日常生活を営む,成果指標群,3 / 短期的な要介護度の変化（要介護３～５） / ア / ②,313,5.0,5.0,1.6025272831705917,,2.3333543928316676,558.0,0.32050545663411834
令和7年度,支援交付金,目標Ⅳ,高齢者がその状況に応じて可能な限り自立した日常生活を営む,成果指標群,3 / 短期的な要介護度の変化（要介護３～５） / ア / ③,314,5.0,5.0,1.0712234348075818,,2.0514866625832484,373.0,0.21424468696151636
令和7年度,支援交付金,目標Ⅳ,高齢者がその状況に応じて可能な限り自立した日常生活を営む,成果指標群,3 / 短期的な要介護度の変化（要介護３～５） / ア / ④,315,5.0,5.0,0.39632395175186674,,1.350757966486638,138.0,0.07926479035037334
令和7年度,支援交付金,目標Ⅳ,高齢者がその状況に応じて可能な限り自立した日常生活を営む,成果指標群,3 / 短期的な要介護度の変化（要介護３～５） / イ / ①,316,5.0,0.0,1.9012062033314188,,2.4272301063292754,662.0,0.38024124066628373
令和7年度,支援交付金,目標Ⅳ,高齢者がその状況に応じて可能な限り自立した日常生活を営む,成果指標群,3 / 短期的な要介護度の変化（要介護３～５） / イ / ②,317,5.0,0.0,1.4847788627225733,,2.2845844353897555,517.0,0.29695577254451466
令和7年度,支援交付金,目標Ⅳ,高齢者がその状況に応じて可能な限り自立した日常生活を営む,成果指標群,3 / 短期的な要介護度の変化（要介護３～５） / イ / ③,318,5.0,0.0,1.025272831705916,,2.0187074525783357,357.0,0.20505456634118321
令和7年度,支援交付金,目標Ⅳ,高齢者がその状況に応じて可能な限り自立した日常生活を営む,成果指標群,3 / 短期的な要介護度の変化（要介護３～５） / イ / ④,319,5.0,0.0,0.35324526134405515,,1.2811885466465291,123.0,0.07064905226881103
令和7年度,支援交付金,目標Ⅳ,高齢者がその状況に応じて可能な限り自立した日常生活を営む,成果指標群,4 / 長期的な要介護度の変化（要介護３～５） / ア,320,5.0,5.0,3.497989661114302,,2.2921641817960947,1218.0,0.6995979322228604
令和7年度,支援交付金,目標Ⅳ,高齢者がその状況に応じて可能な限り自立した日常生活を営む,成果指標群,4 / 長期的な要介護度の変化（要介護３～５） / イ,321,5.0,0.0,2.498564043653073,,2.49999958760584,870.0,0.4997128087306146
令和7年度,支援交付金,目標Ⅳ,高齢者がその状況に応じて可能な限り自立した日常生活を営む,成果指標群,4 / 長期的な要介護度の変化（要介護３～５） / ウ,322,5.0,0.0,1.4991384261918437,,2.2909116329693426,522.0,0.2998276852383688
令和7年度,支援交付金,目標Ⅳ,高齢者がその状況に応じて可能な限り自立した日常生活を営む,成果指標群,4 / 長期的な要介護度の変化（要介護３～５） / エ,323,5.0,0.0,0.4997128087306146,,1.499617001918701,174.0,0.09994256174612291
令和7年度,支援交付金,目標Ⅳ,高齢者がその状況に応じて可能な限り自立した日常生活を営む,成果指標群,5 / 健康寿命延伸の状況 / ア / ①,324,5.0,0.0,2.09075244112579,,2.466275823089441,728.0,0.41815048822515793
令和7年度,支援交付金,目標Ⅳ,高齢者がその状況に応じて可能な限り自立した日常生活を営む,成果指標群,5 / 健康寿命延伸の状況 / ア / ②,325,5.0,0.0,1.72027570361861,,2.375295775610386,599.0,0.344055140723722
令和7年度,支援交付金,目標Ⅳ,高齢者がその状況に応じて可能な限り自立した日常生活を営む,成果指標群,5 / 健康寿命延伸の状況 / ア / ③,326,5.0,0.0,1.1746122917863298,,2.119751736151221,409.0,0.23492245835726594
令和7年度,支援交付金,目標Ⅳ,高齢者がその状況に応じて可能な限り自立した日常生活を営む,成果指標群,5 / 健康寿命延伸の状況 / ア / ④,327,5.0,0.0,0.4365307294658242,,1.411415803213623,152.0,0.08730614589316485
令和7年度,支援交付金,目標Ⅳ,高齢者がその状況に応じて可能な限り自立した日常生活を営む,成果指標群,5 / 健康寿命延伸の状況 / イ / ①,328,5.0,5.0,2.317633543940264,,2.49333962301653,807.0,0.46352670878805285
令和7年度,支援交付金,目標Ⅳ,高齢者がその状況に応じて可能な限り自立した日常生活を営む,成果指標群,5 / 健康寿命延伸の状況 / イ / ②,329,5.0,5.0,1.8925904652498564,,2.4250883812955384,659.0,0.3785180930499713
令和7年度,支援交付金,目標Ⅳ,高齢者がその状況に応じて可能な限り自立した日常生活を営む,成果指標群,5 / 健康寿命延伸の状況 / イ / ③,330,5.0,5.0,1.2320505456634119,,2.1546007011155335,429.0,0.24641010913268235
令和7年度,支援交付金,目標Ⅳ,高齢者がその状況に応じて可能な限り自立した日常生活を営む,成果指標群,5 / 健康寿命延伸の状況 / イ / ④,331,5.0,5.0,0.44514646754738657,,1.423930110703126,155.0,0.08902929350947732
令和7年度,支援交付金,,,,Ⅳ 合計,332,100.0,70.0,47.84032165422171,50.0,16.326641548412773,,
令和7年度,支援交付金,,,,支援合計,333,400.0,184.0,215.7398047099368,221.0,45.33101897987663,,
令和7年度,推進交付金,,,,推進・支援合計,334,800.0,339.0,434.9879379666858,446.0,92.32718693156285,,
令和8年度,推進交付金,目標Ⅰ,持続可能な地域のあるべき姿をかたちにする,（ⅰ）体制・取組指標群,1 / 地域の介護保険事業の特徴 / ア,15,4.0,4.0,3.9080987937966687,,0.5992987511347728,1701.0,0.9770246984491672
令和8年度,推進交付金,目標Ⅰ,持続可能な地域のあるべき姿をかたちにする,（ⅰ）体制・取組指標群,1 / 地域の介護保険事業の特徴 / イ,16,4.0,4.0,3.8828259620907524,,0.674511969113249,1690.0,0.9707064905226881
令和8年度,推進交付金,目標Ⅰ,持続可能な地域のあるべき姿をかたちにする,（ⅰ）体制・取組指標群,1 / 地域の介護保険事業の特徴 / ウ,17,4.0,4.0,3.8598506605399194,,0.7354967848258922,1680.0,0.9649626651349799
令和8年度,推進交付金,目標Ⅰ,持続可能な地域のあるべき姿をかたちにする,（ⅰ）体制・取組指標群,1 / 地域の介護保険事業の特徴 / エ,18,4.0,4.0,3.2280298678920163,,1.578588813961735,1405.0,0.8070074669730041
令和8年度,推進交付金,目標Ⅰ,持続可能な地域のあるべき姿をかたちにする,（ⅰ）体制・取組指標群,2 / 事業計画の進捗状況 / ア,19,4.0,4.0,3.8920160827110855,,0.6482863123362999,1694.0,0.9730040206777714
令和8年度,推進交付金,目標Ⅰ,持続可能な地域のあるべき姿をかたちにする,（ⅰ）体制・取組指標群,2 / 事業計画の進捗状況 / イ,20,4.0,4.0,3.5198161975875935,,1.300061046855258,1532.0,0.8799540493968984
令和8年度,推進交付金,目標Ⅰ,持続可能な地域のあるべき姿をかたちにする,（ⅰ）体制・取組指標群,2 / 事業計画の進捗状況 / ウ,21,4.0,4.0,3.0304422745548534,,1.7141145582516415,1319.0,0.7576105686387133
令和8年度,推進交付金,目標Ⅰ,持続可能な地域のあるべき姿をかたちにする,（ⅰ）体制・取組指標群,2 / 事業計画の進捗状況 / エ,22,4.0,4.0,2.8466398621481908,,1.8119605249071218,1239.0,0.7116599655370477
令和8年度,推進交付金,目標Ⅰ,持続可能な地域のあるべき姿をかたちにする,（ⅰ）体制・取組指標群,3 / 施策の実施状況の把握・改善 / ア / ①,23,1.0,1.0,0.9534750143595635,,0.21061911440226339,1660.0,0.9534750143595635
令和8年度,推進交付金,目標Ⅰ,持続可能な地域のあるべき姿をかたちにする,（ⅰ）体制・取組指標群,3 / 施策の実施状況の把握・改善 / ア / ②,24,1.0,1.0,0.9735784032165422,,0.16038546070909968,1695.0,0.9735784032165422
令和8年度,推進交付金,目標Ⅰ,持続可能な地域のあるべき姿をかたちにする,（ⅰ）体制・取組指標群,3 / 施策の実施状況の把握・改善 / ア / ③,25,1.0,1.0,0.9569213095921884,,0.20303427503887003,1666.0,0.9569213095921884
令和8年度,推進交付金,目標Ⅰ,持続可能な地域のあるべき姿をかたちにする,（ⅰ）体制・取組指標群,3 / 施策の実施状況の把握・改善 / ア / ④,26,1.0,1.0,0.9224583572659392,,0.26744894162468497,1606.0,0.9224583572659392
令和8年度,推進交付金,目標Ⅰ,持続可能な地域のあるべき姿をかたちにする,（ⅰ）体制・取組指標群,3 / 施策の実施状況の把握・改善 / イ / ①,27,1.0,1.0,0.8495117748420448,,0.3575493242152246,1479.0,0.8495117748420448
令和8年度,推進交付金,目標Ⅰ,持続可能な地域のあるべき姿をかたちにする,（ⅰ）体制・取組指標群,3 / 施策の実施状況の把握・改善 / イ / ②,28,1.0,1.0,0.9201608271108558,,0.2710440542818114,1602.0,0.9201608271108558
令和8年度,推進交付金,目標Ⅰ,持続可能な地域のあるべき姿をかたちにする,（ⅰ）体制・取組指標群,3 / 施策の実施状況の把握・改善 / イ / ③,29,1.0,1.0,0.8897185525560023,,0.3132402429344839,1549.0,0.8897185525560023
令和8年度,推進交付金,目標Ⅰ,持続可能な地域のあるべき姿をかたちにする,（ⅰ）体制・取組指標群,3 / 施策の実施状況の把握・改善 / イ / ④,30,1.0,1.0,0.8259620907524411,,0.3791420781083225,1438.0,0.8259620907524411
令和8年度,推進交付金,目標Ⅰ,持続可能な地域のあるべき姿をかたちにする,（ⅰ）体制・取組指標群,3 / 施策の実施状況の把握・改善 / ウ / ①,31,1.0,1.0,0.8121769098219415,,0.39057083477139387,1414.0,0.8121769098219415
令和8年度,推進交付金,目標Ⅰ,持続可能な地域のあるべき姿をかたちにする,（ⅰ）体制・取組指標群,3 / 施策の実施状況の把握・改善 / ウ / ②,32,1.0,1.0,0.8931648477886273,,0.3089035488034179,1555.0,0.8931648477886273
令和8年度,推進交付金,目標Ⅰ,持続可能な地域のあるべき姿をかたちにする,（ⅰ）体制・取組指標群,3 / 施策の実施状況の把握・改善 / ウ / ③,33,1.0,1.0,0.8627225732337737,,0.3441399931229581,1502.0,0.8627225732337737
令和8年度,推進交付金,目標Ⅰ,持続可能な地域のあるべき姿をかたちにする,（ⅰ）体制・取組指標群,3 / 施策の実施状況の把握・改善 / ウ / ④,34,1.0,1.0,0.8001148765077541,,0.3999138168389978,1393.0,0.8001148765077541
令和8年度,推進交付金,目標Ⅰ,持続可能な地域のあるべき姿をかたちにする,（ⅰ）体制・取組指標群,3 / 施策の実施状況の把握・改善 / エ / ①,35,1.0,1.0,0.6823664560597358,,0.4655560929729225,1188.0,0.6823664560597358
令和8年度,推進交付金,目標Ⅰ,持続可能な地域のあるべき姿をかたちにする,（ⅰ）体制・取組指標群,3 / 施策の実施状況の把握・改善 / エ / ②,36,1.0,1.0,0.7369327972429638,,0.4402985914020446,1283.0,0.7369327972429638
令和8年度,推進交付金,目標Ⅰ,持続可能な地域のあるべき姿をかたちにする,（ⅰ）体制・取組指標群,3 / 施策の実施状況の把握・改善 / エ / ③,37,1.0,1.0,0.723147616312464,,0.4474428917013492,1259.0,0.723147616312464
令和8年度,推進交付金,目標Ⅰ,持続可能な地域のあるべき姿をかたちにする,（ⅰ）体制・取組指標群,3 / 施策の実施状況の把握・改善 / エ / ④,38,1.0,1.0,0.6817920735209649,,0.4657806801542418,1187.0,0.6817920735209649
令和8年度,推進交付金,目標Ⅰ,持続可能な地域のあるべき姿をかたちにする,（ⅰ）体制・取組指標群,4 / 評価結果の活用 / ア,39,4.0,4.0,3.322228604250431,,1.5005703975828517,1446.0,0.8305571510626077
令和8年度,推進交付金,目標Ⅰ,持続可能な地域のあるべき姿をかたちにする,（ⅰ）体制・取組指標群,4 / 評価結果の活用 / イ,40,4.0,4.0,2.577828834003446,,1.9147098575487143,1122.0,0.6444572085008615
令和8年度,推進交付金,目標Ⅰ,持続可能な地域のあるべき姿をかたちにする,（ⅰ）体制・取組指標群,4 / 評価結果の活用 / ウ,41,4.0,4.0,2.7983917288914415,,1.8337313454368758,1218.0,0.6995979322228604
令和8年度,推進交付金,目標Ⅰ,持続可能な地域のあるべき姿をかたちにする,（ⅰ）体制・取組指標群,4 / 評価結果の活用 / エ,42,4.0,4.0,2.010338885697875,,1.9999732766820977,875.0,0.5025847214244687
令和8年度,推進交付金,目標Ⅰ,持続可能な地域のあるべき姿をかたちにする,（ⅱ）活動指標群,1 / 今年度の評価点 / ア,43,3.0,3.0,2.112578977599081,,1.3692140067219822,1226.0,0.704192992533027
令和8年度,推進交付金,目標Ⅰ,持続可能な地域のあるべき姿をかたちにする,（ⅱ）活動指標群,1 / 今年度の評価点 / イ,44,3.0,0.0,1.5025847214244687,,1.4999977730700662,872.0,0.5008615738081562
令和8年度,推進交付金,目標Ⅰ,持続可能な地域のあるべき姿をかたちにする,（ⅱ）活動指標群,1 / 今年度の評価点 / ウ,45,3.0,0.0,0.9029293509477312,,1.3760474701260499,524.0,0.3009764503159104
令和8年度,推進交付金,目標Ⅰ,持続可能な地域のあるべき姿をかたちにする,（ⅱ）活動指標群,1 / 今年度の評価点 / エ,46,3.0,0.0,0.3015508328546812,,0.9020640740926843,175.0,0.10051694428489374
令和8年度,推進交付金,目標Ⅰ,持続可能な地域のあるべき姿をかたちにする,（ⅱ）活動指標群,2 / 後期高齢者と給付費の伸び率比較 / ア,47,3.0,3.0,2.095347501435956,,1.3767938671180824,1216.0,0.6984491671453188
令和8年度,推進交付金,目標Ⅰ,持続可能な地域のあるべき姿をかたちにする,（ⅱ）活動指標群,2 / 後期高齢者と給付費の伸び率比較 / イ,48,3.0,3.0,1.4974152785755313,,1.4999977730700662,869.0,0.4991384261918438
令和8年度,推進交付金,目標Ⅰ,持続可能な地域のあるべき姿をかたちにする,（ⅱ）活動指標群,2 / 後期高齢者と給付費の伸び率比較 / ウ,49,3.0,3.0,0.8977599080987938,,1.3737928780230397,521.0,0.29925330269959793
令和8年度,推進交付金,目標Ⅰ,持続可能な地域のあるべき姿をかたちにする,（ⅱ）活動指標群,2 / 後期高齢者と給付費の伸び率比較 / エ,50,3.0,0.0,0.2981045376220563,,0.8974671567892102,173.0,0.0993681792073521
令和8年度,推進交付金,目標Ⅰ,持続可能な地域のあるべき姿をかたちにする,（ⅱ）活動指標群,3 / PFS委託事業数 / ア,51,3.0,0.0,0.13957495692130958,,0.6318573432067901,81.0,0.04652498564043653
令和8年度,推進交付金,目標Ⅰ,持続可能な地域のあるべき姿をかたちにする,（ⅱ）活動指標群,3 / PFS委託事業数 / イ,52,3.0,0.0,0.13957495692130958,,0.6318573432067901,81.0,0.04652498564043653
令和8年度,推進交付金,目標Ⅰ,持続可能な地域のあるべき姿をかたちにする,（ⅱ）活動指標群,3 / PFS委託事業数 / ウ,53,3.0,0.0,0.04135554279149914,,0.3497947218797303,24.0,0.013785180930499713
令和8年度,推進交付金,目標Ⅰ,持続可能な地域のあるべき姿をかたちにする,（ⅱ）活動指標群,3 / PFS委託事業数 / エ,54,3.0,0.0,0.01723147616312464,,0.2267101778011159,10.0,0.005743825387708214
令和8年度,推進交付金,目標Ⅰ,持続可能な地域のあるべき姿をかたちにする,,Ⅰ（ⅰ） 計,55,64.0,64.0,52.36071223434808,56.0,12.738781320104422,,
令和8年度,推進交付金,目標Ⅰ,持続可能な地域のあるべき姿をかたちにする,,Ⅰ（ⅱ） 計,56,36.0,12.0,9.946008041355542,9.0,6.2786585800275345,,
令和8年度,推進交付金,目標Ⅰ,持続可能な地域のあるべき姿をかたちにする,,Ⅰ 合計,57,100.0,76.0,62.30672027570362,66.0,16.475038319686465,,
令和8年度,推進交付金,目標Ⅱ,公正・公平な給付を行う体制を構築する,（ⅰ）体制・取組指標群,1 / 給付費適正化方策の策定状況 / ア,58,8.0,8.0,7.218839747271683,,2.374672752482743,1571.0,0.9023549684089603
令和8年度,推進交付金,目標Ⅱ,公正・公平な給付を行う体制を構築する,（ⅰ）体制・取組指標群,1 / 給付費適正化方策の策定状況 / イ,59,8.0,8.0,6.819069500287191,,2.837753892174324,1484.0,0.8523836875358989
令和8年度,推進交付金,目標Ⅱ,公正・公平な給付を行う体制を構築する,（ⅰ）体制・取組指標群,1 / 給付費適正化方策の策定状況 / ウ,60,8.0,8.0,6.102240091901206,,3.4030260939351034,1328.0,0.7627800114876507
令和8年度,推進交付金,目標Ⅱ,公正・公平な給付を行う体制を構築する,（ⅰ）体制・取組指標群,1 / 給付費適正化方策の策定状況 / エ,61,8.0,8.0,4.962665134979897,,3.882431691336518,1080.0,0.6203331418724871
令和8年度,推進交付金,目標Ⅱ,公正・公平な給付を行う体制を構築する,（ⅰ）体制・取組指標群,2 / 給付費適正化事業の取組状況 / ア,62,6.0,0.0,5.8139000574382536,,1.0401761710157522,1687.0,0.9689833429063757
令和8年度,推進交付金,目標Ⅱ,公正・公平な給付を行う体制を構築する,（ⅰ）体制・取組指標群,2 / 給付費適正化事業の取組状況 / イ / ①,63,2.0,2.0,1.9471568064330844,,0.32077092141819935,1695.0,0.9735784032165422
令和8年度,推進交付金,目標Ⅱ,公正・公平な給付を行う体制を構築する,（ⅰ）体制・取組指標群,2 / 給付費適正化事業の取組状況 / イ / ②,64,2.0,2.0,1.9184376794945435,,0.3955657074174636,1670.0,0.9592188397472717
令和8年度,推進交付金,目標Ⅱ,公正・公平な給付を行う体制を構築する,（ⅰ）体制・取組指標群,2 / 給付費適正化事業の取組状況 / イ / ③,65,2.0,2.0,1.8334290637564619,,0.5526264522134527,1596.0,0.9167145318782309
令和8年度,推進交付金,目標Ⅱ,公正・公平な給付を行う体制を構築する,（ⅰ）体制・取組指標群,2 / 給付費適正化事業の取組状況 / ウ,66,8.0,0.0,4.898334290637565,,3.8978193265292203,1066.0,0.6122917863296956
令和8年度,推進交付金,目標Ⅱ,公正・公平な給付を行う体制を構築する,（ⅰ）体制・取組指標群,2 / 給付費適正化事業の取組状況 / エ,67,8.0,0.0,3.781734635267088,,3.9940405894980597,823.0,0.472716829408386
令和8年度,推進交付金,目標Ⅱ,公正・公平な給付を行う体制を構築する,（ⅰ）体制・取組指標群,2 / 給付費適正化事業の取組状況 / オ,68,8.0,0.0,5.206203331418725,,3.813800404225996,1133.0,0.6507754164273406
令和8年度,推進交付金,目標Ⅱ,公正・公平な給付を行う体制を構築する,（ⅱ）活動指標群,1 / ケアプラン点検の実施状況 / ア,69,4.0,4.0,2.7983917288914415,,1.8337313454368758,1218.0,0.6995979322228604
令和8年度,推進交付金,目標Ⅱ,公正・公平な給付を行う体制を構築する,（ⅱ）活動指標群,1 / ケアプラン点検の実施状況 / イ,70,4.0,4.0,1.9988512349224583,,1.9999996700846718,870.0,0.4997128087306146
令和8年度,推進交付金,目標Ⅱ,公正・公平な給付を行う体制を構築する,（ⅱ）活動指標群,1 / ケアプラン点検の実施状況 / ウ,71,4.0,0.0,1.1993107409534751,,1.8327293063754742,522.0,0.2998276852383688
令和8年度,推進交付金,目標Ⅱ,公正・公平な給付を行う体制を構築する,（ⅱ）活動指標群,1 / ケアプラン点検の実施状況 / エ,72,4.0,0.0,0.39977024698449165,,1.1996936015349606,174.0,0.09994256174612291
令和8年度,推進交付金,目標Ⅱ,公正・公平な給付を行う体制を構築する,（ⅱ）活動指標群,2 / 医療情報との突合の実施状況 / ア,73,4.0,4.0,3.0695002871912695,,1.6900204542246797,1336.0,0.7673750717978174
令和8年度,推進交付金,目標Ⅱ,公正・公平な給付を行う体制を構築する,（ⅱ）活動指標群,2 / 医療情報との突合の実施状況 / イ,74,4.0,4.0,3.0695002871912695,,1.6900204542246797,1336.0,0.7673750717978174
令和8年度,推進交付金,目標Ⅱ,公正・公平な給付を行う体制を構築する,（ⅱ）活動指標群,2 / 医療情報との突合の実施状況 / ウ,75,4.0,4.0,3.0695002871912695,,1.6900204542246797,1336.0,0.7673750717978174
令和8年度,推進交付金,目標Ⅱ,公正・公平な給付を行う体制を構築する,（ⅱ）活動指標群,2 / 医療情報との突合の実施状況 / エ,76,4.0,4.0,3.0695002871912695,,1.6900204542246797,1336.0,0.7673750717978174
令和8年度,推進交付金,目標Ⅱ,公正・公平な給付を行う体制を構築する,,Ⅱ（ⅰ） 計,77,68.0,38.0,50.5020103388857,52.0,16.31942146411754,,
令和8年度,推進交付金,目標Ⅱ,公正・公平な給付を行う体制を構築する,,Ⅱ（ⅱ） 計,78,32.0,24.0,18.674325100516945,20.0,9.044797004995184,,
令和8年度,推進交付金,目標Ⅱ,公正・公平な給付を行う体制を構築する,,Ⅱ 合計,79,100.0,62.0,69.17633543940264,72.0,19.58769240787832,,
令和8年度,推進交付金,目標Ⅲ,介護人材の確保その他のサービス提供基盤の整備を推進する,（ⅰ）体制・取組指標群,1 / 介護人材の確保・定着の取組状況 / ア,80,6.0,6.0,5.000574382538771,,2.235554101320211,1451.0,0.8334290637564618
令和8年度,推進交付金,目標Ⅲ,介護人材の確保その他のサービス提供基盤の整備を推進する,（ⅰ）体制・取組指標群,1 / 介護人材の確保・定着の取組状況 / イ,81,6.0,6.0,4.597357840321655,,2.5393794379656893,1334.0,0.7662263067202757
令和8年度,推進交付金,目標Ⅲ,介護人材の確保その他のサービス提供基盤の整備を推進する,（ⅰ）体制・取組指標群,1 / 介護人材の確保・定着の取組状況 / ウ,82,6.0,6.0,4.487076392877657,,2.605494924528923,1302.0,0.7478460654796094
令和8年度,推進交付金,目標Ⅲ,介護人材の確保その他のサービス提供基盤の整備を推進する,（ⅰ）体制・取組指標群,1 / 介護人材の確保・定着の取組状況 / エ,83,6.0,0.0,3.4910970706490523,,2.9595309877073293,1013.0,0.581849511774842
令和8年度,推進交付金,目標Ⅲ,介護人材の確保その他のサービス提供基盤の整備を推進する,（ⅰ）体制・取組指標群,1 / 介護人材の確保・定着の取組状況 / オ,84,6.0,0.0,1.2544514646754739,,2.4398894054498457,364.0,0.20907524411257897
令和8年度,推進交付金,目標Ⅲ,介護人材の確保その他のサービス提供基盤の整備を推進する,（ⅰ）体制・取組指標群,2 / 庁内・庁外における連携体制 / ア,85,6.0,6.0,5.26593911545089,,1.9660925525187356,1528.0,0.8776565192418151
令和8年度,推進交付金,目標Ⅲ,介護人材の確保その他のサービス提供基盤の整備を推進する,（ⅰ）体制・取組指標群,2 / 庁内・庁外における連携体制 / イ,86,6.0,6.0,5.520964962665135,,1.6262643256908682,1602.0,0.9201608271108558
令和8年度,推進交付金,目標Ⅲ,介護人材の確保その他のサービス提供基盤の整備を推進する,（ⅰ）体制・取組指標群,2 / 庁内・庁外における連携体制 / ウ / ①,87,2.0,2.0,1.553130384836301,,0.8330946989213445,1352.0,0.7765651924181505
令和8年度,推進交付金,目標Ⅲ,介護人材の確保その他のサービス提供基盤の整備を推進する,（ⅰ）体制・取組指標群,2 / 庁内・庁外における連携体制 / ウ / ②,88,2.0,2.0,1.6289488799540495,,0.7774466582374296,1418.0,0.8144744399770247
令和8年度,推進交付金,目標Ⅲ,介護人材の確保その他のサービス提供基盤の整備を推進する,（ⅰ）体制・取組指標群,2 / 庁内・庁外における連携体制 / ウ / ③,89,2.0,2.0,1.6450315910396325,,0.764155904616905,1432.0,0.8225157955198162
令和8年度,推進交付金,目標Ⅲ,介護人材の確保その他のサービス提供基盤の整備を推進する,（ⅰ）体制・取組指標群,2 / 庁内・庁外における連携体制 / ウ / ④,90,2.0,2.0,1.6634118322802987,,0.7482544625931054,1448.0,0.8317059161401493
令和8年度,推進交付金,目標Ⅲ,介護人材の確保その他のサービス提供基盤の整備を推進する,（ⅰ）体制・取組指標群,2 / 庁内・庁外における連携体制 / ウ / ⑤,91,2.0,2.0,1.2199885123492247,,0.9755024625465458,1062.0,0.6099942561746123
令和8年度,推進交付金,目標Ⅲ,介護人材の確保その他のサービス提供基盤の整備を推進する,（ⅰ）体制・取組指標群,2 / 庁内・庁外における連携体制 / エ,92,6.0,0.0,2.5847214244686962,,2.971118258283351,750.0,0.43078690407811604
令和8年度,推進交付金,目標Ⅲ,介護人材の確保その他のサービス提供基盤の整備を推進する,（ⅰ）体制・取組指標群,2 / 庁内・庁外における連携体制 / オ,93,6.0,0.0,2.7639287765651925,,2.9906973062257562,802.0,0.46065479609419874
令和8年度,推進交付金,目標Ⅲ,介護人材の確保その他のサービス提供基盤の整備を推進する,（ⅱ）活動指標群,1 / 介護の仕事の魅力に関する研修の実施状況 / ア,94,3.0,0.0,0.9890867317633544,,1.4103076374818897,574.0,0.3296955772544515
令和8年度,推進交付金,目標Ⅲ,介護人材の確保その他のサービス提供基盤の整備を推進する,（ⅱ）活動指標群,1 / 介護の仕事の魅力に関する研修の実施状況 / イ,95,3.0,0.0,0.4945433658816772,,1.1131293531784405,287.0,0.16484778862722574
令和8年度,推進交付金,目標Ⅲ,介護人材の確保その他のサービス提供基盤の整備を推進する,（ⅱ）活動指標群,1 / 介護の仕事の魅力に関する研修の実施状況 / ウ,96,3.0,0.0,0.2963813900057438,,0.8951548702182739,172.0,0.09879379666858128
令和8年度,推進交付金,目標Ⅲ,介護人材の確保その他のサービス提供基盤の整備を推進する,（ⅱ）活動指標群,1 / 介護の仕事の魅力に関する研修の実施状況 / エ,97,3.0,0.0,0.09821941412981046,,0.5338643920298751,57.0,0.032739804709936815
令和8年度,推進交付金,目標Ⅲ,介護人材の確保その他のサービス提供基盤の整備を推進する,（ⅱ）活動指標群,2 / 介護人材の定着・資質向上に関する研修の実施状況 / ア,98,3.0,0.0,1.1682940838598506,,1.4628640351029294,678.0,0.3894313612866169
令和8年度,推進交付金,目標Ⅲ,介護人材の確保その他のサービス提供基盤の整備を推進する,（ⅱ）活動指標群,2 / 介護人材の定着・資質向上に関する研修の実施状況 / イ,99,3.0,0.0,0.5841470419299253,,1.1879450152234716,339.0,0.19471568064330844
令和8年度,推進交付金,目標Ⅲ,介護人材の確保その他のサービス提供基盤の整備を推進する,（ⅱ）活動指標群,2 / 介護人材の定着・資質向上に関する研修の実施状況 / ウ,100,3.0,0.0,0.3497989661114302,,0.9628279086325163,203.0,0.11659965537047674
令和8年度,推進交付金,目標Ⅲ,介護人材の確保その他のサービス提供基盤の整備を推進する,（ⅱ）活動指標群,2 / 介護人材の定着・資質向上に関する研修の実施状況 / エ,101,3.0,0.0,0.1154508902929351,,0.577082110976743,67.0,0.03848363009764503
令和8年度,推進交付金,目標Ⅲ,介護人材の確保その他のサービス提供基盤の整備を推進する,（ⅱ）活動指標群,3 / 介護支援専門員に対する研修の実施状況 / ア,102,3.0,3.0,2.0057438253877082,,1.4121696722002661,1164.0,0.668581275129236
令和8年度,推進交付金,目標Ⅲ,介護人材の確保その他のサービス提供基盤の整備を推進する,（ⅱ）活動指標群,3 / 介護支援専門員に対する研修の実施状況 / イ,103,3.0,3.0,1.1924181504882252,,1.4681258140401034,692.0,0.3974727168294084
令和8年度,推進交付金,目標Ⅲ,介護人材の確保その他のサービス提供基盤の整備を推進する,（ⅱ）活動指標群,3 / 介護支援専門員に対する研修の実施状況 / ウ,104,3.0,0.0,0.6496266513497989,,1.2356638571656304,377.0,0.21654221711659966
令和8年度,推進交付金,目標Ⅲ,介護人材の確保その他のサービス提供基盤の整備を推進する,（ⅱ）活動指標群,3 / 介護支援専門員に対する研修の実施状況 / エ,105,3.0,0.0,0.2257323377369328,,0.7913544875153092,131.0,0.0752441125789776
令和8年度,推進交付金,目標Ⅲ,介護人材の確保その他のサービス提供基盤の整備を推進する,,Ⅲ（ⅰ） 計,106,64.0,40.0,42.67662263067203,46.0,15.516512827565725,,
令和8年度,推進交付金,目標Ⅲ,介護人材の確保その他のサービス提供基盤の整備を推進する,,Ⅲ（ⅱ） 計,107,36.0,6.0,8.169442848937392,6.0,7.733908062731416,,
令和8年度,推進交付金,目標Ⅲ,介護人材の確保その他のサービス提供基盤の整備を推進する,,Ⅲ 合計,108,100.0,46.0,50.84606547960942,52.0,20.220592002310777,,
令和8年度,推進交付金,目標Ⅳ,高齢者がその状況に応じて可能な限り自立した日常生活を営む,成果指標群,1 / 短期的な要介護度の変化（要介護１・２） / ア / ①,109,5.0,0.0,2.159678345778288,,2.476727916358153,752.0,0.4319356691556577
令和8年度,推進交付金,目標Ⅳ,高齢者がその状況に応じて可能な限り自立した日常生活を営む,成果指標群,1 / 短期的な要介護度の変化（要介護１・２） / ア / ②,110,5.0,0.0,1.7001723147616312,,2.3686020505619414,592.0,0.34003446295232626
令和8年度,推進交付金,目標Ⅳ,高齢者がその状況に応じて可能な限り自立した日常生活を営む,成果指標群,1 / 短期的な要介護度の変化（要介護１・２） / ア / ③,111,5.0,0.0,1.1458931648477886,,2.101521991080289,399.0,0.22917863296955773
令和8年度,推進交付金,目標Ⅳ,高齢者がその状況に応じて可能な限り自立した日常生活を営む,成果指標群,1 / 短期的な要介護度の変化（要介護１・２） / ア / ④,112,5.0,0.0,0.45376220562894887,,1.4362837076592827,158.0,0.09075244112578977
令和8年度,推進交付金,目標Ⅳ,高齢者がその状況に応じて可能な限り自立した日常生活を営む,成果指標群,1 / 短期的な要介護度の変化（要介護１・２） / イ / ①,113,5.0,5.0,1.88110281447444,,2.4221821305897997,655.0,0.376220562894888
令和8年度,推進交付金,目標Ⅳ,高齢者がその状況に応じて可能な限り自立した日常生活を営む,成果指標群,1 / 短期的な要介護度の変化（要介護１・２） / イ / ②,114,5.0,5.0,1.4847788627225733,,2.2845844353897555,517.0,0.29695577254451466
令和8年度,推進交付金,目標Ⅳ,高齢者がその状況に応じて可能な限り自立した日常生活を営む,成果指標群,1 / 短期的な要介護度の変化（要介護１・２） / イ / ③,115,5.0,5.0,1.0827110855829982,,2.0594397619427176,377.0,0.21654221711659966
令和8年度,推進交付金,目標Ⅳ,高齢者がその状況に応じて可能な限り自立した日常生活を営む,成果指標群,1 / 短期的な要介護度の変化（要介護１・２） / イ / ④,116,5.0,0.0,0.4164273406088455,,1.3815661305336318,145.0,0.0832854681217691
令和8年度,推進交付金,目標Ⅳ,高齢者がその状況に応じて可能な限り自立した日常生活を営む,成果指標群,2 / 長期的な要介護度の変化（要介護１・２） / ア,117,5.0,5.0,3.497989661114302,,2.2921641817960947,1218.0,0.6995979322228604
令和8年度,推進交付金,目標Ⅳ,高齢者がその状況に応じて可能な限り自立した日常生活を営む,成果指標群,2 / 長期的な要介護度の変化（要介護１・２） / イ,118,5.0,5.0,2.498564043653073,,2.49999958760584,870.0,0.4997128087306146
令和8年度,推進交付金,目標Ⅳ,高齢者がその状況に応じて可能な限り自立した日常生活を営む,成果指標群,2 / 長期的な要介護度の変化（要介護１・２） / ウ,119,5.0,5.0,1.4991384261918437,,2.2909116329693426,522.0,0.2998276852383688
令和8年度,推進交付金,目標Ⅳ,高齢者がその状況に応じて可能な限り自立した日常生活を営む,成果指標群,2 / 長期的な要介護度の変化（要介護１・２） / エ,120,5.0,0.0,0.4997128087306146,,1.499617001918701,174.0,0.09994256174612291
令和8年度,推進交付金,目標Ⅳ,高齢者がその状況に応じて可能な限り自立した日常生活を営む,成果指標群,3 / 短期的な要介護度の変化（要介護３～５） / ア / ①,121,5.0,0.0,2.179781734635267,,2.4794072401537433,759.0,0.43595634692705343
令和8年度,推進交付金,目標Ⅳ,高齢者がその状況に応じて可能な限り自立した日常生活を営む,成果指標群,3 / 短期的な要介護度の変化（要介護３～５） / ア / ②,122,5.0,0.0,1.6599655370476738,,2.3546426695047376,578.0,0.33199310740953475
令和8年度,推進交付金,目標Ⅳ,高齢者がその状況に応じて可能な限り自立した日常生活を営む,成果指標群,3 / 短期的な要介護度の変化（要介護３～５） / ア / ③,123,5.0,0.0,1.0913268236645606,,2.065342558093699,380.0,0.2182653647329121
令和8年度,推進交付金,目標Ⅳ,高齢者がその状況に応じて可能な限り自立した日常生活を営む,成果指標群,3 / 短期的な要介護度の変化（要介護３～５） / ア / ④,124,5.0,0.0,0.402067777139575,,1.3596618654223982,140.0,0.08041355542791499
令和8年度,推進交付金,目標Ⅳ,高齢者がその状況に応じて可能な限り自立した日常生活を営む,成果指標群,3 / 短期的な要介護度の変化（要介護３～５） / イ / ①,125,5.0,0.0,1.9529006318207927,,2.439402033560256,680.0,0.3905801263641585
令和8年度,推進交付金,目標Ⅳ,高齢者がその状況に応じて可能な限り自立した日常生活を営む,成果指標群,3 / 短期的な要介護度の変化（要介護３～５） / イ / ②,126,5.0,0.0,1.5278575531303848,,2.3032453327846683,532.0,0.30557151062607696
令和8年度,推進交付金,目標Ⅳ,高齢者がその状況に応じて可能な限り自立した日常生活を営む,成果指標群,3 / 短期的な要介護度の変化（要介護３～５） / イ / ③,127,5.0,0.0,0.9994256174612292,,1.999569084194989,348.0,0.19988512349224583
令和8年度,推進交付金,目標Ⅳ,高齢者がその状況に応じて可能な限り自立した日常生活を営む,成果指標群,3 / 短期的な要介護度の変化（要介護３～５） / イ / ④,128,5.0,0.0,0.36473291211947156,,1.3002440014913383,127.0,0.07294658242389432
令和8年度,推進交付金,目標Ⅳ,高齢者がその状況に応じて可能な限り自立した日常生活を営む,成果指標群,4 / 長期的な要介護度の変化（要介護３～５） / ア,129,5.0,0.0,3.497989661114302,,2.2921641817960947,1218.0,0.6995979322228604
令和8年度,推進交付金,目標Ⅳ,高齢者がその状況に応じて可能な限り自立した日常生活を営む,成果指標群,4 / 長期的な要介護度の変化（要介護３～５） / イ,130,5.0,0.0,2.498564043653073,,2.49999958760584,870.0,0.4997128087306146
令和8年度,推進交付金,目標Ⅳ,高齢者がその状況に応じて可能な限り自立した日常生活を営む,成果指標群,4 / 長期的な要介護度の変化（要介護３～５） / ウ,131,5.0,0.0,1.4991384261918437,,2.2909116329693426,522.0,0.2998276852383688
令和8年度,推進交付金,目標Ⅳ,高齢者がその状況に応じて可能な限り自立した日常生活を営む,成果指標群,4 / 長期的な要介護度の変化（要介護３～５） / エ,132,5.0,0.0,0.5025847214244687,,1.5034401234878072,175.0,0.10051694428489374
令和8年度,推進交付金,目標Ⅳ,高齢者がその状況に応じて可能な限り自立した日常生活を営む,成果指標群,5 / 健康寿命延伸の状況 / ア / ①,133,5.0,5.0,2.1424468696151635,,2.474299043962149,746.0,0.4284893739230327
令和8年度,推進交付金,目標Ⅳ,高齢者がその状況に応じて可能な限り自立した日常生活を営む,成果指標群,5 / 健康寿命延伸の状況 / ア / ②,134,5.0,5.0,1.751866743251005,,2.3854342644780933,610.0,0.35037334865020103
令和8年度,推進交付金,目標Ⅳ,高齢者がその状況に応じて可能な限り自立した日常生活を営む,成果指標群,5 / 健康寿命延伸の状況 / ア / ③,135,5.0,5.0,1.1918437679494542,,2.130428894036907,415.0,0.23836875358989087
令和8年度,推進交付金,目標Ⅳ,高齢者がその状況に応じて可能な限り自立した日常生活を営む,成果指標群,5 / 健康寿命延伸の状況 / ア / ④,136,5.0,0.0,0.4221711659965537,,1.3901896764772348,147.0,0.08443423319931075
令和8年度,推進交付金,目標Ⅳ,高齢者がその状況に応じて可能な限り自立した日常生活を営む,成果指標群,5 / 健康寿命延伸の状況 / イ / ①,137,5.0,0.0,2.2113727742676623,,2.4832829731156405,770.0,0.44227455485353245
令和8年度,推進交付金,目標Ⅳ,高齢者がその状況に応じて可能な限り自立した日常生活を営む,成果指標群,5 / 健康寿命延伸の状況 / イ / ②,138,5.0,0.0,1.8495117748420449,,2.413890028342396,644.0,0.36990235496840895
令和8年度,推進交付金,目標Ⅳ,高齢者がその状況に応じて可能な限り自立した日常生活を営む,成果指標群,5 / 健康寿命延伸の状況 / イ / ③,139,5.0,0.0,1.2234348075818495,,2.1495072248090747,426.0,0.2446869615163699
令和8年度,推進交付金,目標Ⅳ,高齢者がその状況に応じて可能な限り自立した日常生活を営む,成果指標群,5 / 健康寿命延伸の状況 / イ / ④,140,5.0,0.0,0.4681217690982194,,1.4565269838857948,163.0,0.09362435381964389
令和8年度,推進交付金,目標Ⅳ,高齢者がその状況に応じて可能な限り自立した日常生活を営む,,Ⅳ 合計,141,100.0,45.0,47.757036186099945,50.0,15.769852258917203,,
令和8年度,推進交付金,,,,推進合計,142,400.0,229.0,230.08615738081562,235.0,50.531835930433175,,
令和8年度,支援交付金,目標Ⅰ,介護予防/日常生活支援を推進する,（ⅰ）体制・取組指標群,1 / データを活用した課題の把握 / ア,143,1.0,1.0,0.9058012636415853,,0.29210500582306453,1577.0,0.9058012636415853
令和8年度,支援交付金,目標Ⅰ,介護予防/日常生活支援を推進する,（ⅰ）体制・取組指標群,1 / データを活用した課題の把握 / イ,144,1.0,1.0,0.9207352096496266,,0.27015159329732763,1603.0,0.9207352096496266
令和8年度,支援交付金,目標Ⅰ,介護予防/日常生活支援を推進する,（ⅰ）体制・取組指標群,1 / データを活用した課題の把握 / ウ,145,2.0,0.0,1.6680068925904652,,0.7441550856183344,1452.0,0.8340034462952326
令和8年度,支援交付金,目標Ⅰ,介護予防/日常生活支援を推進する,（ⅰ）体制・取組指標群,1 / データを活用した課題の把握 / エ,146,2.0,0.0,1.4876507754164274,,0.8730387856422859,1295.0,0.7438253877082137
令和8年度,支援交付金,目標Ⅰ,介護予防/日常生活支援を推進する,（ⅰ）体制・取組指標群,2 / アウトリーチ等の取組状況 / ア,147,1.0,1.0,0.9563469270534176,,0.2043220060808497,1665.0,0.9563469270534176
令和8年度,支援交付金,目標Ⅰ,介護予防/日常生活支援を推進する,（ⅰ）体制・取組指標群,2 / アウトリーチ等の取組状況 / イ,148,2.0,2.0,1.578403216542217,,0.8157510153800711,1374.0,0.7892016082711085
令和8年度,支援交付金,目標Ⅰ,介護予防/日常生活支援を推進する,（ⅰ）体制・取組指標群,2 / アウトリーチ等の取組状況 / ウ / ①,149,1.0,1.0,0.8265364732912119,,0.3786475031088118,1439.0,0.8265364732912119
令和8年度,支援交付金,目標Ⅰ,介護予防/日常生活支援を推進する,（ⅰ）体制・取組指標群,2 / アウトリーチ等の取組状況 / ウ / ②,150,1.0,1.0,0.6622630672027571,,0.4729383649292512,1153.0,0.6622630672027571
令和8年度,支援交付金,目標Ⅰ,介護予防/日常生活支援を推進する,（ⅰ）体制・取組指標群,2 / アウトリーチ等の取組状況 / ウ / ③,151,1.0,1.0,0.6456059735784032,,0.4783292803689581,1124.0,0.6456059735784032
令和8年度,支援交付金,目標Ⅰ,介護予防/日常生活支援を推進する,（ⅰ）体制・取組指標群,2 / アウトリーチ等の取組状況 / ウ / ④,152,1.0,1.0,0.2785755313038484,,0.4482981202978962,485.0,0.2785755313038484
令和8年度,支援交付金,目標Ⅰ,介護予防/日常生活支援を推進する,（ⅰ）体制・取組指標群,2 / アウトリーチ等の取組状況 / エ,153,2.0,2.0,1.3164847788627225,,0.9485975884157695,1146.0,0.6582423894313613
令和8年度,支援交付金,目標Ⅰ,介護予防/日常生活支援を推進する,（ⅰ）体制・取組指標群,3 / 介護予防等と保健事業の一体的実施 / ア,154,1.0,1.0,0.9764503159103963,,0.15164134155593434,1700.0,0.9764503159103963
令和8年度,支援交付金,目標Ⅰ,介護予防/日常生活支援を推進する,（ⅰ）体制・取組指標群,3 / 介護予防等と保健事業の一体的実施 / イ,155,2.0,2.0,1.765651924181505,,0.6432551056907043,1537.0,0.8828259620907525
令和8年度,支援交付金,目標Ⅰ,介護予防/日常生活支援を推進する,（ⅰ）体制・取組指標群,3 / 介護予防等と保健事業の一体的実施 / ウ,156,2.0,2.0,1.6473291211947156,,0.762210606626067,1434.0,0.8236645605973578
令和8年度,支援交付金,目標Ⅰ,介護予防/日常生活支援を推進する,（ⅰ）体制・取組指標群,3 / 介護予防等と保健事業の一体的実施 / エ,157,2.0,2.0,1.7472716829408386,,0.6645186467472277,1521.0,0.8736358414704193
令和8年度,支援交付金,目標Ⅰ,介護予防/日常生活支援を推進する,（ⅰ）体制・取組指標群,4 / 通いの場参加者の健康状態の把握・分析 / ア,158,1.0,1.0,0.9086731763354394,,0.2880733152235779,1582.0,0.9086731763354394
令和8年度,支援交付金,目標Ⅰ,介護予防/日常生活支援を推進する,（ⅰ）体制・取組指標群,4 / 通いの場参加者の健康状態の把握・分析 / イ,159,2.0,2.0,1.6530729465824239,,0.7572950062176236,1439.0,0.8265364732912119
令和8年度,支援交付金,目標Ⅰ,介護予防/日常生活支援を推進する,（ⅰ）体制・取組指標群,4 / 通いの場参加者の健康状態の把握・分析 / ウ,160,1.0,1.0,0.80413555427915,,0.39686466789488106,1400.0,0.80413555427915
令和8年度,支援交付金,目標Ⅰ,介護予防/日常生活支援を推進する,（ⅰ）体制・取組指標群,4 / 通いの場参加者の健康状態の把握・分析 / エ,161,1.0,1.0,0.8271108558299828,,0.3781514088274381,1440.0,0.8271108558299828
令和8年度,支援交付金,目標Ⅰ,介護予防/日常生活支援を推進する,（ⅰ）体制・取組指標群,4 / 通いの場参加者の健康状態の把握・分析 / オ,162,2.0,2.0,1.4233199310740954,,0.9059802624535609,1239.0,0.7116599655370477
令和8年度,支援交付金,目標Ⅰ,介護予防/日常生活支援を推進する,（ⅰ）体制・取組指標群,5 / 地域リハビリテーションの推進 / ア,163,1.0,1.0,0.5157955198161975,,0.49975043927317975,898.0,0.5157955198161975
令和8年度,支援交付金,目標Ⅰ,介護予防/日常生活支援を推進する,（ⅰ）体制・取組指標群,5 / 地域リハビリテーションの推進 / イ,164,2.0,2.0,1.6346927053417577,,0.7727646276751808,1423.0,0.8173463526708789
令和8年度,支援交付金,目標Ⅰ,介護予防/日常生活支援を推進する,（ⅰ）体制・取組指標群,5 / 地域リハビリテーションの推進 / ウ,165,2.0,2.0,1.51751866743251,,0.855671916600562,1321.0,0.758759333716255
令和8年度,支援交付金,目標Ⅰ,介護予防/日常生活支援を推進する,（ⅰ）体制・取組指標群,5 / 地域リハビリテーションの推進 / エ,166,2.0,2.0,0.9534750143595635,,0.9989171265481221,830.0,0.47673750717978175
令和8年度,支援交付金,目標Ⅰ,介護予防/日常生活支援を推進する,（ⅰ）体制・取組指標群,6 / 介護予防・生活支援の体制整備 / ア,167,1.0,1.0,0.9086731763354394,,0.2880733152235779,1582.0,0.9086731763354394
令和8年度,支援交付金,目標Ⅰ,介護予防/日常生活支援を推進する,（ⅰ）体制・取組指標群,6 / 介護予防・生活支援の体制整備 / イ,168,1.0,1.0,0.83917288914417,,0.3673714078008747,1461.0,0.83917288914417
令和8年度,支援交付金,目標Ⅰ,介護予防/日常生活支援を推進する,（ⅰ）体制・取組指標群,6 / 介護予防・生活支援の体制整備 / ウ,169,1.0,1.0,0.784606547960942,,0.4110950168242812,1366.0,0.784606547960942
令和8年度,支援交付金,目標Ⅰ,介護予防/日常生活支援を推進する,（ⅰ）体制・取組指標群,6 / 介護予防・生活支援の体制整備 / エ,170,2.0,2.0,1.2222860425043078,,0.9749814948540168,1064.0,0.6111430212521539
令和8年度,支援交付金,目標Ⅰ,介護予防/日常生活支援を推進する,（ⅰ）体制・取組指標群,6 / 介護予防・生活支援の体制整備 / オ,171,2.0,2.0,1.0040206777713958,,0.9999919170424622,874.0,0.5020103388856979
令和8年度,支援交付金,目標Ⅰ,介護予防/日常生活支援を推進する,（ⅰ）体制・取組指標群,6 / 介護予防・生活支援の体制整備 / カ,172,2.0,2.0,1.0672027570361862,,0.9977393394302618,929.0,0.5336013785180931
令和8年度,支援交付金,目標Ⅰ,介護予防/日常生活支援を推進する,（ⅰ）体制・取組指標群,7 / 多様なサービスの活用推進 / ア,173,1.0,1.0,0.8483630097645032,,0.3586686680319549,1477.0,0.8483630097645032
令和8年度,支援交付金,目標Ⅰ,介護予防/日常生活支援を推進する,（ⅰ）体制・取組指標群,7 / 多様なサービスの活用推進 / イ,174,1.0,0.0,0.6817920735209649,,0.4657806801542418,1187.0,0.6817920735209649
令和8年度,支援交付金,目標Ⅰ,介護予防/日常生活支援を推進する,（ⅰ）体制・取組指標群,7 / 多様なサービスの活用推進 / ウ,175,1.0,0.0,0.7122343480758185,,0.45272130665215254,1240.0,0.7122343480758185
令和8年度,支援交付金,目標Ⅰ,介護予防/日常生活支援を推進する,（ⅰ）体制・取組指標群,7 / 多様なサービスの活用推進 / エ,176,1.0,0.0,0.5640436530729466,,0.49588144803074863,982.0,0.5640436530729466
令和8年度,支援交付金,目標Ⅰ,介護予防/日常生活支援を推進する,（ⅰ）体制・取組指標群,7 / 多様なサービスの活用推進 / オ,177,1.0,0.0,0.31878230901780585,,0.46600445113226335,555.0,0.31878230901780585
令和8年度,支援交付金,目標Ⅰ,介護予防/日常生活支援を推進する,（ⅰ）体制・取組指標群,7 / 多様なサービスの活用推進 / カ,178,2.0,0.0,0.8581275129236071,,0.9898849415011619,747.0,0.42906375646180356
令和8年度,支援交付金,目標Ⅰ,介護予防/日常生活支援を推進する,（ⅱ）活動指標群,1 / 地域包括支援センター３職種の配置状況 / ア,179,1.0,1.0,0.6995979322228604,,0.45843283635921894,1218.0,0.6995979322228604
令和8年度,支援交付金,目標Ⅰ,介護予防/日常生活支援を推進する,（ⅱ）活動指標群,1 / 地域包括支援センター３職種の配置状況 / イ,180,1.0,1.0,0.4997128087306146,,0.49999991752116796,870.0,0.4997128087306146
令和8年度,支援交付金,目標Ⅰ,介護予防/日常生活支援を推進する,（ⅱ）活動指標群,1 / 地域包括支援センター３職種の配置状況 / ウ,181,1.0,1.0,0.2998276852383688,,0.45818232659386854,522.0,0.2998276852383688
令和8年度,支援交付金,目標Ⅰ,介護予防/日常生活支援を推進する,（ⅱ）活動指標群,1 / 地域包括支援センター３職種の配置状況 / エ,182,1.0,1.0,0.09994256174612291,,0.29992340038374016,174.0,0.09994256174612291
令和8年度,支援交付金,目標Ⅰ,介護予防/日常生活支援を推進する,（ⅱ）活動指標群,2 / 地域包括支援センター事業評価の達成状況 / ア / ①,183,1.0,1.0,0.7489948305571511,,0.4335914832602408,1304.0,0.7489948305571511
令和8年度,支援交付金,目標Ⅰ,介護予防/日常生活支援を推進する,（ⅱ）活動指標群,2 / 地域包括支援センター事業評価の達成状況 / ア / ②,184,1.0,1.0,0.5898908673176335,,0.49185326264332496,1027.0,0.5898908673176335
令和8年度,支援交付金,目標Ⅰ,介護予防/日常生活支援を推進する,（ⅱ）活動指標群,2 / 地域包括支援センター事業評価の達成状況 / ア / ③,185,1.0,1.0,0.3429063756461804,,0.4746805169662865,597.0,0.3429063756461804
令和8年度,支援交付金,目標Ⅰ,介護予防/日常生活支援を推進する,（ⅱ）活動指標群,2 / 地域包括支援センター事業評価の達成状況 / ア / ④,186,1.0,0.0,0.10109132682366456,,0.30144961513442936,176.0,0.10109132682366456
令和8年度,支援交付金,目標Ⅰ,介護予防/日常生活支援を推進する,（ⅱ）活動指標群,2 / 地域包括支援センター事業評価の達成状況 / イ / ①,187,1.0,1.0,0.7099368179207353,,0.45379128735721236,1236.0,0.7099368179207353
令和8年度,支援交付金,目標Ⅰ,介護予防/日常生活支援を推進する,（ⅱ）活動指標群,2 / 地域包括支援センター事業評価の達成状況 / イ / ②,188,1.0,0.0,0.5117748420448018,,0.49986133386652337,891.0,0.5117748420448018
令和8年度,支援交付金,目標Ⅰ,介護予防/日常生活支援を推進する,（ⅱ）活動指標群,2 / 地域包括支援センター事業評価の達成状況 / イ / ③,189,1.0,0.0,0.3228029867892016,,0.46754809218857063,562.0,0.3228029867892016
令和8年度,支援交付金,目標Ⅰ,介護予防/日常生活支援を推進する,（ⅱ）活動指標群,2 / 地域包括支援センター事業評価の達成状況 / イ / ④,190,1.0,0.0,0.12406662837449742,,0.32965754973651334,216.0,0.12406662837449742
令和8年度,支援交付金,目標Ⅰ,介護予防/日常生活支援を推進する,（ⅱ）活動指標群,2 / 地域包括支援センター事業評価の達成状況 / ウ / ①,191,1.0,1.0,0.7421022400919012,,0.4374774340951581,1292.0,0.7421022400919012
令和8年度,支援交付金,目標Ⅰ,介護予防/日常生活支援を推進する,（ⅱ）活動指標群,2 / 地域包括支援センター事業評価の達成状況 / ウ / ②,192,1.0,1.0,0.5485353245261344,,0.49763874675626174,955.0,0.5485353245261344
令和8年度,支援交付金,目標Ⅰ,介護予防/日常生活支援を推進する,（ⅱ）活動指標群,2 / 地域包括支援センター事業評価の達成状況 / ウ / ③,193,1.0,0.0,0.3015508328546812,,0.4589312890393608,525.0,0.3015508328546812
令和8年度,支援交付金,目標Ⅰ,介護予防/日常生活支援を推進する,（ⅱ）活動指標群,2 / 地域包括支援センター事業評価の達成状況 / ウ / ④,194,1.0,0.0,0.19241815048822516,,0.39419970300713814,335.0,0.19241815048822516
令和8年度,支援交付金,目標Ⅰ,介護予防/日常生活支援を推進する,（ⅱ）活動指標群,3 / 個別事例の検討割合 / ア,195,1.0,1.0,0.6995979322228604,,0.45843283635921894,1218.0,0.6995979322228604
令和8年度,支援交付金,目標Ⅰ,介護予防/日常生活支援を推進する,（ⅱ）活動指標群,3 / 個別事例の検討割合 / イ,196,1.0,1.0,0.4997128087306146,,0.49999991752116796,870.0,0.4997128087306146
令和8年度,支援交付金,目標Ⅰ,介護予防/日常生活支援を推進する,（ⅱ）活動指標群,3 / 個別事例の検討割合 / ウ,197,1.0,1.0,0.2998276852383688,,0.45818232659386854,522.0,0.2998276852383688
令和8年度,支援交付金,目標Ⅰ,介護予防/日常生活支援を推進する,（ⅱ）活動指標群,3 / 個別事例の検討割合 / エ,198,1.0,0.0,0.09994256174612291,,0.29992340038374016,174.0,0.09994256174612291
令和8年度,支援交付金,目標Ⅰ,介護予防/日常生活支援を推進する,（ⅱ）活動指標群,4 / 通いの場への参加率 / ア / ①,199,1.0,1.0,0.6995979322228604,,0.45843283635921894,1218.0,0.6995979322228604
令和8年度,支援交付金,目標Ⅰ,介護予防/日常生活支援を推進する,（ⅱ）活動指標群,4 / 通いの場への参加率 / ア / ②,200,1.0,1.0,0.4997128087306146,,0.49999991752116796,870.0,0.4997128087306146
令和8年度,支援交付金,目標Ⅰ,介護予防/日常生活支援を推進する,（ⅱ）活動指標群,4 / 通いの場への参加率 / ア / ③,201,1.0,1.0,0.2998276852383688,,0.45818232659386854,522.0,0.2998276852383688
令和8年度,支援交付金,目標Ⅰ,介護予防/日常生活支援を推進する,（ⅱ）活動指標群,4 / 通いの場への参加率 / ア / ④,202,1.0,1.0,0.09994256174612291,,0.29992340038374016,174.0,0.09994256174612291
令和8年度,支援交付金,目標Ⅰ,介護予防/日常生活支援を推進する,（ⅱ）活動指標群,4 / 通いの場への参加率 / イ / ①,203,1.0,1.0,0.6995979322228604,,0.45843283635921894,1218.0,0.6995979322228604
令和8年度,支援交付金,目標Ⅰ,介護予防/日常生活支援を推進する,（ⅱ）活動指標群,4 / 通いの場への参加率 / イ / ②,204,1.0,1.0,0.4997128087306146,,0.49999991752116796,870.0,0.4997128087306146
令和8年度,支援交付金,目標Ⅰ,介護予防/日常生活支援を推進する,（ⅱ）活動指標群,4 / 通いの場への参加率 / イ / ③,205,1.0,1.0,0.2998276852383688,,0.45818232659386854,522.0,0.2998276852383688
令和8年度,支援交付金,目標Ⅰ,介護予防/日常生活支援を推進する,（ⅱ）活動指標群,4 / 通いの場への参加率 / イ / ④,206,1.0,1.0,0.09994256174612291,,0.29992340038374016,174.0,0.09994256174612291
令和8年度,支援交付金,目標Ⅰ,介護予防/日常生活支援を推進する,（ⅱ）活動指標群,5 / ポイント事業への参加率 / ア,207,1.0,1.0,0.6289488799540494,,0.48308610656755196,1095.0,0.6289488799540494
令和8年度,支援交付金,目標Ⅰ,介護予防/日常生活支援を推進する,（ⅱ）活動指標群,5 / ポイント事業への参加率 / イ,208,1.0,0.0,0.3141872487076393,,0.4641913629713109,547.0,0.3141872487076393
令和8年度,支援交付金,目標Ⅰ,介護予防/日常生活支援を推進する,（ⅱ）活動指標群,5 / ポイント事業への参加率 / ウ,209,1.0,0.0,0.1883974727168294,,0.39102923802542044,328.0,0.1883974727168294
令和8年度,支援交付金,目標Ⅰ,介護予防/日常生活支援を推進する,（ⅱ）活動指標群,5 / ポイント事業への参加率 / エ,210,1.0,0.0,0.06260769672601953,,0.2422560072251714,109.0,0.06260769672601953
令和8年度,支援交付金,目標Ⅰ,介護予防/日常生活支援を推進する,（ⅱ）活動指標群,6 / 心身・認知機能維持・改善者の割合 / ア,211,1.0,0.0,0.6835152211372775,,0.4651044652666067,1190.0,0.6835152211372775
令和8年度,支援交付金,目標Ⅰ,介護予防/日常生活支援を推進する,（ⅱ）活動指標群,6 / 心身・認知機能維持・改善者の割合 / イ,212,1.0,0.0,0.34175761056863874,,0.47429879420788473,595.0,0.34175761056863874
令和8年度,支援交付金,目標Ⅰ,介護予防/日常生活支援を推進する,（ⅱ）活動指標群,6 / 心身・認知機能維持・改善者の割合 / ウ,213,1.0,0.0,0.20505456634118321,,0.4037414905156671,357.0,0.20505456634118321
令和8年度,支援交付金,目標Ⅰ,介護予防/日常生活支援を推進する,（ⅱ）活動指標群,6 / 心身・認知機能維持・改善者の割合 / エ,214,1.0,0.0,0.07926479035037334,,0.27015159329732763,138.0,0.07926479035037334
令和8年度,支援交付金,目標Ⅰ,介護予防/日常生活支援を推進する,（ⅱ）活動指標群,7 / 生活支援コーディネーター数 / ア,215,1.0,1.0,0.6995979322228604,,0.45843283635921894,1218.0,0.6995979322228604
令和8年度,支援交付金,目標Ⅰ,介護予防/日常生活支援を推進する,（ⅱ）活動指標群,7 / 生活支援コーディネーター数 / イ,216,1.0,1.0,0.4997128087306146,,0.49999991752116796,870.0,0.4997128087306146
令和8年度,支援交付金,目標Ⅰ,介護予防/日常生活支援を推進する,（ⅱ）活動指標群,7 / 生活支援コーディネーター数 / ウ,217,1.0,1.0,0.2998276852383688,,0.45818232659386854,522.0,0.2998276852383688
令和8年度,支援交付金,目標Ⅰ,介護予防/日常生活支援を推進する,（ⅱ）活動指標群,7 / 生活支援コーディネーター数 / エ,218,1.0,0.0,0.09994256174612291,,0.29992340038374016,174.0,0.09994256174612291
令和8年度,支援交付金,目標Ⅰ,介護予防/日常生活支援を推進する,（ⅱ）活動指標群,8 / 生活支援コーディネーターの地域ケア会議への参加割合 / ア,219,1.0,1.0,0.7001723147616312,,0.45818232659386854,1219.0,0.7001723147616312
令和8年度,支援交付金,目標Ⅰ,介護予防/日常生活支援を推進する,（ⅱ）活動指標群,8 / 生活支援コーディネーターの地域ケア会議への参加割合 / イ,220,1.0,1.0,0.5944859276278002,,0.4909912519386818,1035.0,0.5944859276278002
令和8年度,支援交付金,目標Ⅰ,介護予防/日常生活支援を推進する,（ⅱ）活動指標群,8 / 生活支援コーディネーターの地域ケア会議への参加割合 / ウ,221,1.0,1.0,0.5944859276278002,,0.4909912519386818,1035.0,0.5944859276278002
令和8年度,支援交付金,目標Ⅰ,介護予防/日常生活支援を推進する,（ⅱ）活動指標群,8 / 生活支援コーディネーターの地域ケア会議への参加割合 / エ,222,1.0,1.0,0.5944859276278002,,0.4909912519386818,1035.0,0.5944859276278002
令和8年度,支援交付金,目標Ⅰ,介護予防/日常生活支援を推進する,（ⅱ）活動指標群,9 / 多様なサービスの実施状況 / ア / ①,223,1.0,0.0,0.29753015508328545,,0.45717169848909234,518.0,0.29753015508328545
令和8年度,支援交付金,目標Ⅰ,介護予防/日常生活支援を推進する,（ⅱ）活動指標群,9 / 多様なサービスの実施状況 / ア / ②,224,1.0,0.0,0.2607696726019529,,0.43905449599454416,454.0,0.2607696726019529
令和8年度,支援交付金,目標Ⅰ,介護予防/日常生活支援を推進する,（ⅱ）活動指標群,9 / 多様なサービスの実施状況 / ア / ③,225,1.0,0.0,0.20850086157380815,,0.4062366949166309,363.0,0.20850086157380815
令和8年度,支援交付金,目標Ⅰ,介護予防/日常生活支援を推進する,（ⅱ）活動指標群,9 / 多様なサービスの実施状況 / ア / ④,226,1.0,0.0,0.09190120620333142,,0.28888643876392706,160.0,0.09190120620333142
令和8年度,支援交付金,目標Ⅰ,介護予防/日常生活支援を推進する,（ⅱ）活動指標群,9 / 多様なサービスの実施状況 / イ / ①,227,1.0,0.0,0.1636990235496841,,0.3700022340994228,285.0,0.1636990235496841
令和8年度,支援交付金,目標Ⅰ,介護予防/日常生活支援を推進する,（ⅱ）活動指標群,9 / 多様なサービスの実施状況 / イ / ②,228,1.0,0.0,0.12808730614589317,,0.3341869957825729,223.0,0.12808730614589317
令和8年度,支援交付金,目標Ⅰ,介護予防/日常生活支援を推進する,（ⅱ）活動指標群,9 / 多様なサービスの実施状況 / イ / ③,229,1.0,0.0,0.08156232050545663,,0.27369674528430515,142.0,0.08156232050545663
令和8年度,支援交付金,目標Ⅰ,介護予防/日常生活支援を推進する,（ⅱ）活動指標群,9 / 多様なサービスの実施状況 / イ / ④,230,1.0,0.0,0.020103388856978748,,0.1403539903723576,35.0,0.020103388856978748
令和8年度,支援交付金,目標Ⅰ,介護予防/日常生活支援を推進する,（ⅱ）活動指標群,9 / 多様なサービスの実施状況 / ウ / ①,231,1.0,0.0,0.3658816771970132,,0.48167652578106174,637.0,0.3658816771970132
令和8年度,支援交付金,目標Ⅰ,介護予防/日常生活支援を推進する,（ⅱ）活動指標群,9 / 多様なサービスの実施状況 / ウ / ②,232,1.0,0.0,0.295807007466973,,0.45640466890732745,515.0,0.295807007466973
令和8年度,支援交付金,目標Ⅰ,介護予防/日常生活支援を推進する,（ⅱ）活動指標群,9 / 多様なサービスの実施状況 / ウ / ③,233,1.0,0.0,0.19988512349224583,,0.3999138168389978,348.0,0.19988512349224583
令和8年度,支援交付金,目標Ⅰ,介護予防/日常生活支援を推進する,（ⅱ）活動指標群,9 / 多様なサービスの実施状況 / ウ / ④,234,1.0,0.0,0.05686387133831131,,0.23158232116189545,99.0,0.05686387133831131
令和8年度,支援交付金,目標Ⅰ,介護予防/日常生活支援を推進する,（ⅱ）活動指標群,9 / 多様なサービスの実施状況 / エ,235,1.0,0.0,0.01723147616312464,,0.1301328259601101,30.0,0.01723147616312464
令和8年度,支援交付金,目標Ⅰ,介護予防/日常生活支援を推進する,,Ⅰ（ⅰ） 計,236,52.0,42.0,37.430212521539346,40.0,11.912778238745071,,
令和8年度,支援交付金,目標Ⅰ,介護予防/日常生活支援を推進する,,Ⅰ（ⅱ） 計,237,48.0,29.0,20.40666283744974,20.0,6.355723616904502,,
令和8年度,支援交付金,目標Ⅰ,介護予防/日常生活支援を推進する,,Ⅰ 合計,238,100.0,71.0,57.83687535898909,60.0,15.23553678235519,,
令和8年度,支援交付金,目標Ⅱ,認知症総合支援を推進する,（ⅰ）体制・取組指標群,1 / 認知症サポーター等を活用した地域支援体制の構築 / ア,239,4.0,4.0,3.4784606547960943,,1.3469053761196086,1514.0,0.8696151636990236
令和8年度,支援交付金,目標Ⅱ,認知症総合支援を推進する,（ⅰ）体制・取組指標群,1 / 認知症サポーター等を活用した地域支援体制の構築 / イ,240,4.0,0.0,3.124641010913268,,1.6538387456375492,1360.0,0.781160252728317
令和8年度,支援交付金,目標Ⅱ,認知症総合支援を推進する,（ⅰ）体制・取組指標群,1 / 認知症サポーター等を活用した地域支援体制の構築 / ウ,241,4.0,4.0,3.0212521539345203,,1.71960577984726,1315.0,0.7553130384836301
令和8年度,支援交付金,目標Ⅱ,認知症総合支援を推進する,（ⅰ）体制・取組指標群,1 / 認知症サポーター等を活用した地域支援体制の構築 / エ,242,4.0,4.0,2.113727742676623,,1.9967638820215274,920.0,0.5284319356691557
令和8年度,支援交付金,目標Ⅱ,認知症総合支援を推進する,（ⅰ）体制・取組指標群,1 / 認知症サポーター等を活用した地域支援体制の構築 / オ,243,4.0,0.0,1.321079839172889,,1.8812409242897332,575.0,0.33026995979322227
令和8年度,支援交付金,目標Ⅱ,認知症総合支援を推進する,（ⅰ）体制・取組指標群,1 / 認知症サポーター等を活用した地域支援体制の構築 / カ,244,5.0,0.0,2.1424468696151635,,2.474299043962149,746.0,0.4284893739230327
令和8年度,支援交付金,目標Ⅱ,認知症総合支援を推進する,（ⅰ）体制・取組指標群,2 / 早期診断・早期対応の体制構築 / ア,245,4.0,4.0,3.848363009764503,,0.7639071829314784,1675.0,0.9620907524411257
令和8年度,支援交付金,目標Ⅱ,認知症総合支援を推進する,（ⅰ）体制・取組指標群,2 / 早期診断・早期対応の体制構築 / イ,246,5.0,5.0,4.819069500287191,,0.9337647738256766,1678.0,0.9638139000574383
令和8年度,支援交付金,目標Ⅱ,認知症総合支援を推進する,（ⅰ）体制・取組指標群,2 / 早期診断・早期対応の体制構築 / ウ,247,5.0,5.0,3.3802412406662836,,2.3399092628198814,1177.0,0.6760482481332567
令和8年度,支援交付金,目標Ⅱ,認知症総合支援を推進する,（ⅰ）体制・取組指標群,2 / 早期診断・早期対応の体制構築 / エ,248,5.0,0.0,3.7219988512349222,,2.180990327255151,1296.0,0.7443997702469844
令和8年度,支援交付金,目標Ⅱ,認知症総合支援を推進する,（ⅰ）体制・取組指標群,3 / 難聴高齢者の早期発見・早期介入 / ア,249,5.0,0.0,3.443423319931074,,2.3151571090123086,1199.0,0.6886846639862149
令和8年度,支援交付金,目標Ⅱ,認知症総合支援を推進する,（ⅰ）体制・取組指標群,3 / 難聴高齢者の早期発見・早期介入 / イ,250,5.0,0.0,2.4382538770821367,,2.4992373669390853,849.0,0.4876507754164273
令和8年度,支援交付金,目標Ⅱ,認知症総合支援を推進する,（ⅰ）体制・取組指標群,3 / 難聴高齢者の早期発見・早期介入 / ウ,251,5.0,0.0,0.7323377369327972,,1.7678716366660039,255.0,0.14646754738655945
令和8年度,支援交付金,目標Ⅱ,認知症総合支援を推進する,（ⅰ）体制・取組指標群,3 / 難聴高齢者の早期発見・早期介入 / エ,252,5.0,0.0,0.23836875358989087,,1.0653751007328152,83.0,0.04767375071797817
令和8年度,支援交付金,目標Ⅱ,認知症総合支援を推進する,活動指標群,1 / 認知症サポーター数 / ア,253,3.0,0.0,2.0987937966685815,,1.3752985090776568,1218.0,0.6995979322228604
令和8年度,支援交付金,目標Ⅱ,認知症総合支援を推進する,活動指標群,1 / 認知症サポーター数 / イ,254,3.0,0.0,1.4991384261918437,,1.499999752563504,870.0,0.4997128087306146
令和8年度,支援交付金,目標Ⅱ,認知症総合支援を推進する,活動指標群,1 / 認知症サポーター数 / ウ,255,3.0,0.0,0.8994830557151062,,1.3745469797816057,522.0,0.2998276852383688
令和8年度,支援交付金,目標Ⅱ,認知症総合支援を推進する,活動指標群,1 / 認知症サポーター数 / エ,256,3.0,0.0,0.2998276852383688,,0.8997702011512205,174.0,0.09994256174612291
令和8年度,支援交付金,目標Ⅱ,認知症総合支援を推進する,活動指標群,2 / 認知症サポーターステップアップ講座修了者数 / ア,257,3.0,0.0,1.3268236645605973,,1.4899697838693842,770.0,0.44227455485353245
令和8年度,支援交付金,目標Ⅱ,認知症総合支援を推進する,活動指標群,2 / 認知症サポーターステップアップ講座修了者数 / イ,258,3.0,0.0,0.6634118322802987,,1.245038247457239,385.0,0.22113727742676623
令和8年度,支援交付金,目標Ⅱ,認知症総合支援を推進する,活動指標群,2 / 認知症サポーターステップアップ講座修了者数 / ウ,259,3.0,0.0,0.3980470993681792,,1.0176933746414567,231.0,0.13268236645605974
令和8年度,支援交付金,目標Ⅱ,認知症総合支援を推進する,活動指標群,2 / 認知症サポーターステップアップ講座修了者数 / エ,260,3.0,0.0,0.13268236645605974,,0.6168002018480532,77.0,0.04422745548535324
令和8年度,支援交付金,目標Ⅱ,認知症総合支援を推進する,活動指標群,3 / 認知症地域支援推進員の業務の状況 / ア,261,3.0,3.0,2.112578977599081,,1.3692140067219822,1226.0,0.704192992533027
令和8年度,支援交付金,目標Ⅱ,認知症総合支援を推進する,活動指標群,3 / 認知症地域支援推進員の業務の状況 / イ,262,3.0,3.0,2.112578977599081,,1.3692140067219822,1226.0,0.704192992533027
令和8年度,支援交付金,目標Ⅱ,認知症総合支援を推進する,活動指標群,3 / 認知症地域支援推進員の業務の状況 / ウ,263,3.0,0.0,1.3836875358989087,,1.495483671156169,803.0,0.4612291786329696
令和8年度,支援交付金,目標Ⅱ,認知症総合支援を推進する,活動指標群,3 / 認知症地域支援推進員の業務の状況 / エ,264,3.0,0.0,0.36358414704192993,,0.9790602683929024,211.0,0.12119471568064331
令和8年度,支援交付金,目標Ⅱ,認知症総合支援を推進する,,Ⅱ（ⅰ） 計,265,64.0,26.0,37.82366456059736,39.0,13.1115670576232,,
令和8年度,支援交付金,目標Ⅱ,認知症総合支援を推進する,,Ⅱ（ⅱ） 計,266,36.0,6.0,13.290637564618036,12.0,7.633060043293778,,
令和8年度,支援交付金,目標Ⅱ,認知症総合支援を推進する,,Ⅱ 合計,267,100.0,32.0,51.114302125215396,52.0,16.876757957268865,,
令和8年度,支援交付金,目標Ⅲ,在宅医療・在宅介護連携の体制を構築する,（ⅰ）体制・取組指標群,1 / 在宅医療・介護連携に関する課題・対応策の検討 / ア,268,5.0,0.0,3.6128661688684662,,2.2386444313887863,1258.0,0.7225732337736933
令和8年度,支援交付金,目標Ⅲ,在宅医療・在宅介護連携の体制を構築する,（ⅰ）体制・取組指標群,1 / 在宅医療・介護連携に関する課題・対応策の検討 / イ,269,6.0,6.0,5.638139000574382,,1.4283636139472322,1636.0,0.9396898334290638
令和8年度,支援交付金,目標Ⅲ,在宅医療・在宅介護連携の体制を構築する,（ⅰ）体制・取組指標群,1 / 在宅医療・介護連携に関する課題・対応策の検討 / ウ,270,5.0,5.0,3.851234922458357,,2.1033697212637055,1341.0,0.7702469844916715
令和8年度,支援交付金,目標Ⅲ,在宅医療・在宅介護連携の体制を構築する,（ⅰ）体制・取組指標群,1 / 在宅医療・介護連携に関する課題・対応策の検討 / エ,271,5.0,0.0,2.8546812176909824,,2.474712353752905,994.0,0.5709362435381964
令和8年度,支援交付金,目標Ⅲ,在宅医療・在宅介護連携の体制を構築する,（ⅰ）体制・取組指標群,1 / 在宅医療・介護連携に関する課題・対応策の検討 / オ,272,5.0,5.0,3.015508328546812,,2.4462729126569,1050.0,0.6031016657093624
令和8年度,支援交付金,目標Ⅲ,在宅医療・在宅介護連携の体制を構築する,（ⅰ）体制・取組指標群,2 / 在宅医療・介護連携の具体的取組状況 / ア,273,5.0,5.0,4.801838024124066,,0.9754699947700148,1672.0,0.9603676048248133
令和8年度,支援交付金,目標Ⅲ,在宅医療・在宅介護連携の体制を構築する,（ⅰ）体制・取組指標群,2 / 在宅医療・介護連携の具体的取組状況 / イ / ①,274,2.0,2.0,1.858701895462378,,0.5124754186586117,1618.0,0.929350947731189
令和8年度,支援交付金,目標Ⅲ,在宅医療・在宅介護連携の体制を構築する,（ⅰ）体制・取組指標群,2 / 在宅医療・介護連携の具体的取組状況 / イ / ②,275,2.0,0.0,1.717403790924756,,0.6966575921977662,1495.0,0.858701895462378
令和8年度,支援交付金,目標Ⅲ,在宅医療・在宅介護連携の体制を構築する,（ⅰ）体制・取組指標群,2 / 在宅医療・介護連携の具体的取組状況 / イ / ③,276,2.0,2.0,1.8368753589890867,,0.5473934905686103,1599.0,0.9184376794945434
令和8年度,支援交付金,目標Ⅲ,在宅医療・在宅介護連携の体制を構築する,（ⅰ）体制・取組指標群,2 / 在宅医療・介護連携の具体的取組状況 / ウ,277,5.0,5.0,4.1757610568638714,,1.855215588630734,1454.0,0.8351522113727743
令和8年度,支援交付金,目標Ⅲ,在宅医療・在宅介護連携の体制を構築する,（ⅰ）体制・取組指標群,2 / 在宅医療・介護連携の具体的取組状況 / エ,278,5.0,5.0,4.0551407237219985,,1.957431308991817,1412.0,0.8110281447443998
令和8年度,支援交付金,目標Ⅲ,在宅医療・在宅介護連携の体制を構築する,（ⅰ）体制・取組指標群,3 / 医療・介護関係者間の情報共有 / ア,279,5.0,5.0,4.761631246410109,,1.0653751007328152,1658.0,0.9523262492820218
令和8年度,支援交付金,目標Ⅲ,在宅医療・在宅介護連携の体制を構築する,（ⅰ）体制・取組指標群,3 / 医療・介護関係者間の情報共有 / イ,280,6.0,6.0,5.465824238943136,,1.708716132843751,1586.0,0.9109707064905227
令和8年度,支援交付金,目標Ⅲ,在宅医療・在宅介護連携の体制を構築する,（ⅰ）体制・取組指標群,3 / 医療・介護関係者間の情報共有 / ウ,281,5.0,5.0,4.000574382538771,,1.999569084194989,1393.0,0.8001148765077541
令和8年度,支援交付金,目標Ⅲ,在宅医療・在宅介護連携の体制を構築する,（ⅰ）体制・取組指標群,3 / 医療・介護関係者間の情報共有 / エ,282,5.0,5.0,3.877082136703044,,2.0865389497379097,1350.0,0.7754164273406089
令和8年度,支援交付金,目標Ⅲ,在宅医療・在宅介護連携の体制を構築する,（ⅱ）活動指標群,1 / 入退院支援の実施状況 / ア / ①,283,2.0,2.0,1.3991958644457207,,0.9168656727184379,1218.0,0.6995979322228604
令和8年度,支援交付金,目標Ⅲ,在宅医療・在宅介護連携の体制を構築する,（ⅱ）活動指標群,1 / 入退院支援の実施状況 / ア / ②,284,2.0,2.0,1.0109132682366455,,0.9999404485150079,880.0,0.5054566341183228
令和8年度,支援交付金,目標Ⅲ,在宅医療・在宅介護連携の体制を構築する,（ⅱ）活動指標群,1 / 入退院支援の実施状況 / ア / ③,285,2.0,2.0,0.5996553704767376,,0.9163646531877371,522.0,0.2998276852383688
令和8年度,支援交付金,目標Ⅲ,在宅医療・在宅介護連携の体制を構築する,（ⅱ）活動指標群,1 / 入退院支援の実施状況 / ア / ④,286,2.0,0.0,0.19988512349224583,,0.5998468007674803,174.0,0.09994256174612291
令和8年度,支援交付金,目標Ⅲ,在宅医療・在宅介護連携の体制を構築する,（ⅱ）活動指標群,1 / 入退院支援の実施状況 / イ / ①,287,2.0,2.0,1.3991958644457207,,0.9168656727184379,1218.0,0.6995979322228604
令和8年度,支援交付金,目標Ⅲ,在宅医療・在宅介護連携の体制を構築する,（ⅱ）活動指標群,1 / 入退院支援の実施状況 / イ / ②,288,2.0,2.0,0.9994256174612292,,0.9999998350423359,870.0,0.4997128087306146
令和8年度,支援交付金,目標Ⅲ,在宅医療・在宅介護連携の体制を構築する,（ⅱ）活動指標群,1 / 入退院支援の実施状況 / イ / ③,289,2.0,2.0,0.5996553704767376,,0.9163646531877371,522.0,0.2998276852383688
令和8年度,支援交付金,目標Ⅲ,在宅医療・在宅介護連携の体制を構築する,（ⅱ）活動指標群,1 / 入退院支援の実施状況 / イ / ④,290,2.0,2.0,0.2010338885697875,,0.6013760493951228,175.0,0.10051694428489374
令和8年度,支援交付金,目標Ⅲ,在宅医療・在宅介護連携の体制を構築する,（ⅱ）活動指標群,2 / 人生の最終段階における支援の実施状況 / ア / ①,291,2.0,0.0,1.3991958644457207,,0.9168656727184379,1218.0,0.6995979322228604
令和8年度,支援交付金,目標Ⅲ,在宅医療・在宅介護連携の体制を構築する,（ⅱ）活動指標群,2 / 人生の最終段階における支援の実施状況 / ア / ②,292,2.0,0.0,1.0005743825387707,,0.9999998350423359,871.0,0.5002871912693854
令和8年度,支援交付金,目標Ⅲ,在宅医療・在宅介護連携の体制を構築する,（ⅱ）活動指標群,2 / 人生の最終段階における支援の実施状況 / ア / ③,293,2.0,0.0,0.5996553704767376,,0.9163646531877371,522.0,0.2998276852383688
令和8年度,支援交付金,目標Ⅲ,在宅医療・在宅介護連携の体制を構築する,（ⅱ）活動指標群,2 / 人生の最終段階における支援の実施状況 / ア / ④,294,2.0,0.0,0.19988512349224583,,0.5998468007674803,174.0,0.09994256174612291
令和8年度,支援交付金,目標Ⅲ,在宅医療・在宅介護連携の体制を構築する,（ⅱ）活動指標群,2 / 人生の最終段階における支援の実施状況 / イ / ①,295,2.0,0.0,1.3991958644457207,,0.9168656727184379,1218.0,0.6995979322228604
令和8年度,支援交付金,目標Ⅲ,在宅医療・在宅介護連携の体制を構築する,（ⅱ）活動指標群,2 / 人生の最終段階における支援の実施状況 / イ / ②,296,2.0,0.0,1.0017231476163124,,0.9999985153800441,872.0,0.5008615738081562
令和8年度,支援交付金,目標Ⅲ,在宅医療・在宅介護連携の体制を構築する,（ⅱ）活動指標群,2 / 人生の最終段階における支援の実施状況 / イ / ③,297,2.0,0.0,0.5996553704767376,,0.9163646531877371,522.0,0.2998276852383688
令和8年度,支援交付金,目標Ⅲ,在宅医療・在宅介護連携の体制を構築する,（ⅱ）活動指標群,2 / 人生の最終段階における支援の実施状況 / イ / ④,298,2.0,0.0,0.19988512349224583,,0.5998468007674803,174.0,0.09994256174612291
令和8年度,支援交付金,目標Ⅲ,在宅医療・在宅介護連携の体制を構築する,,Ⅲ（ⅰ） 計,299,68.0,56.0,55.523262492820216,63.0,15.639577548957176,,
令和8年度,支援交付金,目標Ⅲ,在宅医療・在宅介護連携の体制を構築する,,Ⅲ（ⅱ） 計,300,32.0,14.0,12.808730614589317,14.0,6.782300651117376,,
令和8年度,支援交付金,目標Ⅲ,在宅医療・在宅介護連携の体制を構築する,,Ⅲ 合計,301,100.0,70.0,68.33199310740953,73.0,18.24528308794279,,
令和8年度,支援交付金,目標Ⅳ,高齢者がその状況に応じて可能な限り自立した日常生活を営む,成果指標群,1 / 短期的な要介護度の変化（要介護１・２） / ア / ①,302,5.0,0.0,2.159678345778288,,2.476727916358153,752.0,0.4319356691556577
令和8年度,支援交付金,目標Ⅳ,高齢者がその状況に応じて可能な限り自立した日常生活を営む,成果指標群,1 / 短期的な要介護度の変化（要介護１・２） / ア / ②,303,5.0,0.0,1.7001723147616312,,2.3686020505619414,592.0,0.34003446295232626
令和8年度,支援交付金,目標Ⅳ,高齢者がその状況に応じて可能な限り自立した日常生活を営む,成果指標群,1 / 短期的な要介護度の変化（要介護１・２） / ア / ③,304,5.0,0.0,1.1458931648477886,,2.101521991080289,399.0,0.22917863296955773
令和8年度,支援交付金,目標Ⅳ,高齢者がその状況に応じて可能な限り自立した日常生活を営む,成果指標群,1 / 短期的な要介護度の変化（要介護１・２） / ア / ④,305,5.0,0.0,0.45376220562894887,,1.4362837076592827,158.0,0.09075244112578977
令和8年度,支援交付金,目標Ⅳ,高齢者がその状況に応じて可能な限り自立した日常生活を営む,成果指標群,1 / 短期的な要介護度の変化（要介護１・２） / イ / ①,306,5.0,5.0,1.88110281447444,,2.4221821305897997,655.0,0.376220562894888
令和8年度,支援交付金,目標Ⅳ,高齢者がその状況に応じて可能な限り自立した日常生活を営む,成果指標群,1 / 短期的な要介護度の変化（要介護１・２） / イ / ②,307,5.0,5.0,1.4847788627225733,,2.2845844353897555,517.0,0.29695577254451466
令和8年度,支援交付金,目標Ⅳ,高齢者がその状況に応じて可能な限り自立した日常生活を営む,成果指標群,1 / 短期的な要介護度の変化（要介護１・２） / イ / ③,308,5.0,5.0,1.0827110855829982,,2.0594397619427176,377.0,0.21654221711659966
令和8年度,支援交付金,目標Ⅳ,高齢者がその状況に応じて可能な限り自立した日常生活を営む,成果指標群,1 / 短期的な要介護度の変化（要介護１・２） / イ / ④,309,5.0,0.0,0.4164273406088455,,1.3815661305336318,145.0,0.0832854681217691
令和8年度,支援交付金,目標Ⅳ,高齢者がその状況に応じて可能な限り自立した日常生活を営む,成果指標群,2 / 長期的な要介護度の変化（要介護１・２） / ア,310,5.0,5.0,3.497989661114302,,2.2921641817960947,1218.0,0.6995979322228604
令和8年度,支援交付金,目標Ⅳ,高齢者がその状況に応じて可能な限り自立した日常生活を営む,成果指標群,2 / 長期的な要介護度の変化（要介護１・２） / イ,311,5.0,5.0,2.498564043653073,,2.49999958760584,870.0,0.4997128087306146
令和8年度,支援交付金,目標Ⅳ,高齢者がその状況に応じて可能な限り自立した日常生活を営む,成果指標群,2 / 長期的な要介護度の変化（要介護１・２） / ウ,312,5.0,5.0,1.4991384261918437,,2.2909116329693426,522.0,0.2998276852383688
令和8年度,支援交付金,目標Ⅳ,高齢者がその状況に応じて可能な限り自立した日常生活を営む,成果指標群,2 / 長期的な要介護度の変化（要介護１・２） / エ,313,5.0,0.0,0.4997128087306146,,1.499617001918701,174.0,0.09994256174612291
令和8年度,支援交付金,目標Ⅳ,高齢者がその状況に応じて可能な限り自立した日常生活を営む,成果指標群,3 / 短期的な要介護度の変化（要介護３～５） / ア / ①,314,5.0,0.0,2.179781734635267,,2.4794072401537433,759.0,0.43595634692705343
令和8年度,支援交付金,目標Ⅳ,高齢者がその状況に応じて可能な限り自立した日常生活を営む,成果指標群,3 / 短期的な要介護度の変化（要介護３～５） / ア / ②,315,5.0,0.0,1.6599655370476738,,2.3546426695047376,578.0,0.33199310740953475
令和8年度,支援交付金,目標Ⅳ,高齢者がその状況に応じて可能な限り自立した日常生活を営む,成果指標群,3 / 短期的な要介護度の変化（要介護３～５） / ア / ③,316,5.0,0.0,1.0913268236645606,,2.065342558093699,380.0,0.2182653647329121
令和8年度,支援交付金,目標Ⅳ,高齢者がその状況に応じて可能な限り自立した日常生活を営む,成果指標群,3 / 短期的な要介護度の変化（要介護３～５） / ア / ④,317,5.0,0.0,0.402067777139575,,1.3596618654223982,140.0,0.08041355542791499
令和8年度,支援交付金,目標Ⅳ,高齢者がその状況に応じて可能な限り自立した日常生活を営む,成果指標群,3 / 短期的な要介護度の変化（要介護３～５） / イ / ①,318,5.0,0.0,1.9529006318207927,,2.439402033560256,680.0,0.3905801263641585
令和8年度,支援交付金,目標Ⅳ,高齢者がその状況に応じて可能な限り自立した日常生活を営む,成果指標群,3 / 短期的な要介護度の変化（要介護３～５） / イ / ②,319,5.0,0.0,1.5278575531303848,,2.3032453327846683,532.0,0.30557151062607696
令和8年度,支援交付金,目標Ⅳ,高齢者がその状況に応じて可能な限り自立した日常生活を営む,成果指標群,3 / 短期的な要介護度の変化（要介護３～５） / イ / ③,320,5.0,0.0,0.9994256174612292,,1.999569084194989,348.0,0.19988512349224583
令和8年度,支援交付金,目標Ⅳ,高齢者がその状況に応じて可能な限り自立した日常生活を営む,成果指標群,3 / 短期的な要介護度の変化（要介護３～５） / イ / ④,321,5.0,0.0,0.36473291211947156,,1.3002440014913383,127.0,0.07294658242389432
令和8年度,支援交付金,目標Ⅳ,高齢者がその状況に応じて可能な限り自立した日常生活を営む,成果指標群,4 / 長期的な要介護度の変化（要介護３～５） / ア,322,5.0,0.0,3.497989661114302,,2.2921641817960947,1218.0,0.6995979322228604
令和8年度,支援交付金,目標Ⅳ,高齢者がその状況に応じて可能な限り自立した日常生活を営む,成果指標群,4 / 長期的な要介護度の変化（要介護３～５） / イ,323,5.0,0.0,2.498564043653073,,2.49999958760584,870.0,0.4997128087306146
令和8年度,支援交付金,目標Ⅳ,高齢者がその状況に応じて可能な限り自立した日常生活を営む,成果指標群,4 / 長期的な要介護度の変化（要介護３～５） / ウ,324,5.0,0.0,1.4991384261918437,,2.2909116329693426,522.0,0.2998276852383688
令和8年度,支援交付金,目標Ⅳ,高齢者がその状況に応じて可能な限り自立した日常生活を営む,成果指標群,4 / 長期的な要介護度の変化（要介護３～５） / エ,325,5.0,0.0,0.5025847214244687,,1.5034401234878072,175.0,0.10051694428489374
令和8年度,支援交付金,目標Ⅳ,高齢者がその状況に応じて可能な限り自立した日常生活を営む,成果指標群,5 / 健康寿命延伸の状況 / ア / ①,326,5.0,5.0,2.1424468696151635,,2.474299043962149,746.0,0.4284893739230327
令和8年度,支援交付金,目標Ⅳ,高齢者がその状況に応じて可能な限り自立した日常生活を営む,成果指標群,5 / 健康寿命延伸の状況 / ア / ②,327,5.0,5.0,1.751866743251005,,2.3854342644780933,610.0,0.35037334865020103
令和8年度,支援交付金,目標Ⅳ,高齢者がその状況に応じて可能な限り自立した日常生活を営む,成果指標群,5 / 健康寿命延伸の状況 / ア / ③,328,5.0,5.0,1.1918437679494542,,2.130428894036907,415.0,0.23836875358989087
令和8年度,支援交付金,目標Ⅳ,高齢者がその状況に応じて可能な限り自立した日常生活を営む,成果指標群,5 / 健康寿命延伸の状況 / ア / ④,329,5.0,0.0,0.4221711659965537,,1.3901896764772348,147.0,0.08443423319931075
令和8年度,支援交付金,目標Ⅳ,高齢者がその状況に応じて可能な限り自立した日常生活を営む,成果指標群,5 / 健康寿命延伸の状況 / イ / ①,330,5.0,0.0,2.2113727742676623,,2.4832829731156405,770.0,0.44227455485353245
令和8年度,支援交付金,目標Ⅳ,高齢者がその状況に応じて可能な限り自立した日常生活を営む,成果指標群,5 / 健康寿命延伸の状況 / イ / ②,331,5.0,0.0,1.8495117748420449,,2.413890028342396,644.0,0.36990235496840895
令和8年度,支援交付金,目標Ⅳ,高齢者がその状況に応じて可能な限り自立した日常生活を営む,成果指標群,5 / 健康寿命延伸の状況 / イ / ③,332,5.0,0.0,1.2234348075818495,,2.1495072248090747,426.0,0.2446869615163699
令和8年度,支援交付金,目標Ⅳ,高齢者がその状況に応じて可能な限り自立した日常生活を営む,成果指標群,5 / 健康寿命延伸の状況 / イ / ④,333,5.0,0.0,0.4681217690982194,,1.4565269838857948,163.0,0.09362435381964389
令和8年度,支援交付金,,,,Ⅳ 合計,334,100.0,45.0,47.757036186099945,50.0,15.769852258917203,,
令和8年度,支援交付金,,,,支援合計,335,400.0,218.0,225.04020677771396,232.0,43.635593404805704,,
令和8年度,推進交付金,,,,推進・支援合計,336,800.0,447.0,455.12636415852955,469.0,87.69567175337873,,
